-- Seed data: 27 mock users across 3 departments
-- Source: frontend/src/mocks/users.ts

-- Engineers
INSERT INTO users (id, name, department) VALUES ('user-tanaka', 'H. Tanaka', 'Litho');
INSERT INTO users (id, name, department) VALUES ('user-rossi', 'L. Rossi', 'Litho');
INSERT INTO users (id, name, department) VALUES ('user-garcia', 'R. Garcia', 'Litho');
INSERT INTO users (id, name, department) VALUES ('user-chen', 'M. Chen', 'Etch');
INSERT INTO users (id, name, department) VALUES ('user-patel', 'S. Patel', 'Etch');
INSERT INTO users (id, name, department) VALUES ('user-kim', 'A. Kim', 'Etch');
INSERT INTO users (id, name, department) VALUES ('user-muller', 'K. Müller', 'Facilities');
INSERT INTO users (id, name, department) VALUES ('user-smith', 'J. Smith', 'Facilities');

-- L5 managers (one per department)
INSERT INTO users (id, name, department) VALUES ('user-yamamoto', 'T. Yamamoto', 'Litho');
INSERT INTO users (id, name, department) VALUES ('user-lee', 'D. Lee', 'Etch');
INSERT INTO users (id, name, department) VALUES ('user-hoffman', 'B. Hoffman', 'Facilities');

-- L4 managers (one per department)
INSERT INTO users (id, name, department) VALUES ('user-nakamura', 'Y. Nakamura', 'Litho');
INSERT INTO users (id, name, department) VALUES ('user-wang', 'F. Wang', 'Etch');
INSERT INTO users (id, name, department) VALUES ('user-anderson', 'P. Anderson', 'Facilities');

-- PI engineers (one per department)
INSERT INTO users (id, name, department) VALUES ('user-sato', 'N. Sato', 'Litho');
INSERT INTO users (id, name, department) VALUES ('user-kumar', 'V. Kumar', 'Etch');
INSERT INTO users (id, name, department) VALUES ('user-fischer', 'E. Fischer', 'Facilities');

-- Additional engineers
INSERT INTO users (id, name, department) VALUES ('user-park', 'C. Park', 'Etch');

-- Additional engineers (batch 2) — 9 more to reach 27
INSERT INTO users (id, name, department) VALUES ('user-oconnor', 'M. O''Connor', 'Litho');
INSERT INTO users (id, name, department) VALUES ('user-silva', 'A. Silva', 'Litho');
INSERT INTO users (id, name, department) VALUES ('user-ito', 'K. Ito', 'Etch');
INSERT INTO users (id, name, department) VALUES ('user-johnson', 'T. Johnson', 'Etch');
INSERT INTO users (id, name, department) VALUES ('user-martinez', 'R. Martinez', 'Facilities');
INSERT INTO users (id, name, department) VALUES ('user-brown', 'D. Brown', 'Facilities');
INSERT INTO users (id, name, department) VALUES ('user-watanabe', 'S. Watanabe', 'Litho');
INSERT INTO users (id, name, department) VALUES ('user-zhang', 'L. Zhang', 'Etch');
INSERT INTO users (id, name, department) VALUES ('user-taylor', 'J. Taylor', 'Facilities');

-- =============================================================
-- Seed data: 150 mock alarms (alm-001 to alm-150)
-- =============================================================

INSERT INTO alarm (id, type, severity, message, alarm_value, unit, alarm_time, recovery_time, machine_id, chamber_id, product, operation, owner, department, chart_owner_id, status, human_risk) VALUES ('alm-001', 'TempSpike', 'High', 'Chamber temperature exceeded threshold', 202.69, '°C', '2026-04-15 00:59:10+00:00', NULL, 'CVD-04', 'A', 'D1-PVD', 'Lot start', 'H. Tanaka', 'Litho', 'user-rossi', 'Open', NULL);
INSERT INTO alarm (id, type, severity, message, alarm_value, unit, alarm_time, recovery_time, machine_id, chamber_id, product, operation, owner, department, chart_owner_id, status, human_risk) VALUES ('alm-002', 'PressureDrop', 'High', 'Chamber pressure below setpoint', 10.78, 'mTorr', '2026-04-28 08:25:56+00:00', NULL, 'CVD-09', 'C', 'F4-Metro', 'Endpoint detect', 'M. Chen', 'Etch', 'user-patel', 'Open', NULL);
INSERT INTO alarm (id, type, severity, message, alarm_value, unit, alarm_time, recovery_time, machine_id, chamber_id, product, operation, owner, department, chart_owner_id, status, human_risk) VALUES ('alm-003', 'FlowAnomaly', 'Medium', 'Process gas flow out of range', 93.04, 'sccm', '2026-04-21 18:34:24+00:00', NULL, 'PVD-02', 'D', 'A7-Litho', 'Idle / standby', 'S. Patel', 'Etch', 'user-kim', 'Open', NULL);
INSERT INTO alarm (id, type, severity, message, alarm_value, unit, alarm_time, recovery_time, machine_id, chamber_id, product, operation, owner, department, chart_owner_id, status, human_risk) VALUES ('alm-004', 'ChamberLeak', 'Medium', 'Vacuum leak rate above tolerance', 0.33, 'sccm', '2026-04-10 11:23:53+00:00', NULL, 'CVD-04', 'A', 'F4-Metro', 'Endpoint detect', 'K. Müller', 'Facilities', NULL, 'Open', 'low');
INSERT INTO alarm (id, type, severity, message, alarm_value, unit, alarm_time, recovery_time, machine_id, chamber_id, product, operation, owner, department, chart_owner_id, status, human_risk) VALUES ('alm-005', 'VoltageSag', 'Medium', 'DC bias voltage sag detected', 308.83, 'V', '2026-04-04 11:34:28+00:00', NULL, 'LITHO-07', 'D', 'C2-CVD', 'Idle / standby', 'L. Rossi', 'Litho', 'user-tanaka', 'Open', NULL);
INSERT INTO alarm (id, type, severity, message, alarm_value, unit, alarm_time, recovery_time, machine_id, chamber_id, product, operation, owner, department, chart_owner_id, status, human_risk) VALUES ('alm-006', 'ParticleCount', 'Medium', 'In-situ particle count spike', 15.97, 'cnt', '2026-04-19 13:09:46+00:00', NULL, 'METRO-01', 'C', 'F4-Metro', 'Recipe step 3', 'J. Smith', 'Facilities', NULL, 'Acked', NULL);
INSERT INTO alarm (id, type, severity, message, alarm_value, unit, alarm_time, recovery_time, machine_id, chamber_id, product, operation, owner, department, chart_owner_id, status, human_risk) VALUES ('alm-007', 'VacuumFault', 'Low', 'Turbopump speed deviation', 957.54, 'Hz', '2026-04-08 12:46:53+00:00', NULL, 'CVD-04', 'D', 'A7-Litho', 'Process clean', 'A. Kim', 'Etch', 'user-chen', 'Acked', NULL);
INSERT INTO alarm (id, type, severity, message, alarm_value, unit, alarm_time, recovery_time, machine_id, chamber_id, product, operation, owner, department, chart_owner_id, status, human_risk) VALUES ('alm-008', 'RFMismatch', 'Low', 'RF reflected power threshold exceeded', 39.58, 'W', '2026-04-11 05:53:52+00:00', NULL, 'PVD-02', 'B', 'B3-Etch', 'Recipe step 3', 'R. Garcia', 'Litho', NULL, 'Acked', NULL);
INSERT INTO alarm (id, type, severity, message, alarm_value, unit, alarm_time, recovery_time, machine_id, chamber_id, product, operation, owner, department, chart_owner_id, status, human_risk) VALUES ('alm-009', 'GasFlowDeviation', 'Low', 'MFC gas flow deviation', 64.83, 'sccm', '2026-04-15 13:10:12+00:00', NULL, 'CMP-08', 'C', 'B3-Etch', 'Lot start', 'M. Chen', 'Etch', NULL, 'Acked', NULL);
INSERT INTO alarm (id, type, severity, message, alarm_value, unit, alarm_time, recovery_time, machine_id, chamber_id, product, operation, owner, department, chart_owner_id, status, human_risk) VALUES ('alm-010', 'EndpointDrift', 'Critical', 'Etch endpoint signal drift', 6.22, '%', '2026-04-04 08:46:33+00:00', NULL, 'CVD-04', 'C', 'A7-Litho', 'Vent cycle', 'S. Patel', 'Etch', 'user-patel', 'Acked', NULL);
INSERT INTO alarm (id, type, severity, message, alarm_value, unit, alarm_time, recovery_time, machine_id, chamber_id, product, operation, owner, department, chart_owner_id, status, human_risk) VALUES ('alm-011', 'TempSpike', 'High', 'Chamber temperature exceeded threshold', 269.71, '°C', '2026-04-12 14:32:39+00:00', '2026-04-12 14:54:39+00:00', 'PVD-02', 'C', 'A7-Litho', 'Endpoint detect', 'H. Tanaka', 'Litho', 'user-rossi', 'Open', 'low');
INSERT INTO alarm (id, type, severity, message, alarm_value, unit, alarm_time, recovery_time, machine_id, chamber_id, product, operation, owner, department, chart_owner_id, status, human_risk) VALUES ('alm-012', 'PressureDrop', 'High', 'Chamber pressure below setpoint', 13.47, 'mTorr', '2026-04-15 07:34:17+00:00', '2026-04-15 08:27:17+00:00', 'CVD-04', 'D', 'F4-Metro', 'Process clean', 'M. Chen', 'Etch', 'user-patel', 'Open', 'high');
INSERT INTO alarm (id, type, severity, message, alarm_value, unit, alarm_time, recovery_time, machine_id, chamber_id, product, operation, owner, department, chart_owner_id, status, human_risk) VALUES ('alm-013', 'FlowAnomaly', 'Medium', 'Process gas flow out of range', 77.45, 'sccm', '2026-04-04 12:22:53+00:00', '2026-04-04 12:48:53+00:00', 'CMP-08', 'C', 'E5-CMP', 'Idle / standby', 'S. Patel', 'Etch', 'user-kim', 'Open', NULL);
INSERT INTO alarm (id, type, severity, message, alarm_value, unit, alarm_time, recovery_time, machine_id, chamber_id, product, operation, owner, department, chart_owner_id, status, human_risk) VALUES ('alm-014', 'ChamberLeak', 'Medium', 'Vacuum leak rate above tolerance', 0.37, 'sccm', '2026-04-25 10:51:31+00:00', '2026-04-25 11:44:31+00:00', 'CVD-04', 'D', 'A7-Litho', 'Recipe step 3', 'K. Müller', 'Facilities', 'user-smith', 'Open', 'high');
INSERT INTO alarm (id, type, severity, message, alarm_value, unit, alarm_time, recovery_time, machine_id, chamber_id, product, operation, owner, department, chart_owner_id, status, human_risk) VALUES ('alm-015', 'VoltageSag', 'Medium', 'DC bias voltage sag detected', 318.7, 'V', '2026-04-19 12:03:24+00:00', '2026-04-19 12:32:24+00:00', 'LITHO-12', 'B', 'E5-CMP', 'Recipe step 3', 'L. Rossi', 'Litho', 'user-tanaka', 'Open', NULL);
INSERT INTO alarm (id, type, severity, message, alarm_value, unit, alarm_time, recovery_time, machine_id, chamber_id, product, operation, owner, department, chart_owner_id, status, human_risk) VALUES ('alm-016', 'ParticleCount', 'Medium', 'In-situ particle count spike', 16.3, 'cnt', '2026-03-31 16:44:14+00:00', '2026-03-31 17:27:14+00:00', 'CMP-08', 'D', 'E5-CMP', 'Recipe step 3', 'J. Smith', 'Facilities', 'user-muller', 'Acked', NULL);
INSERT INTO alarm (id, type, severity, message, alarm_value, unit, alarm_time, recovery_time, machine_id, chamber_id, product, operation, owner, department, chart_owner_id, status, human_risk) VALUES ('alm-017', 'VacuumFault', 'Low', 'Turbopump speed deviation', 905.07, 'Hz', '2026-04-17 02:37:24+00:00', '2026-04-17 03:28:24+00:00', 'METRO-01', 'D', 'C2-CVD', 'Wafer transfer', 'A. Kim', 'Etch', 'user-chen', 'Acked', NULL);
INSERT INTO alarm (id, type, severity, message, alarm_value, unit, alarm_time, recovery_time, machine_id, chamber_id, product, operation, owner, department, chart_owner_id, status, human_risk) VALUES ('alm-018', 'RFMismatch', 'Low', 'RF reflected power threshold exceeded', 37.42, 'W', '2026-04-21 01:25:58+00:00', '2026-04-21 01:54:58+00:00', 'ETCH-12', 'C', 'A7-Litho', 'Process clean', 'R. Garcia', 'Litho', NULL, 'Acked', NULL);
INSERT INTO alarm (id, type, severity, message, alarm_value, unit, alarm_time, recovery_time, machine_id, chamber_id, product, operation, owner, department, chart_owner_id, status, human_risk) VALUES ('alm-019', 'GasFlowDeviation', 'Low', 'MFC gas flow deviation', 63.09, 'sccm', '2026-04-29 05:34:38+00:00', '2026-04-29 06:32:38+00:00', 'PVD-02', 'C', 'B3-Etch', 'Chamber pump-down', 'M. Chen', 'Etch', 'user-park', 'Acked', NULL);
INSERT INTO alarm (id, type, severity, message, alarm_value, unit, alarm_time, recovery_time, machine_id, chamber_id, product, operation, owner, department, chart_owner_id, status, human_risk) VALUES ('alm-020', 'EndpointDrift', 'Critical', 'Etch endpoint signal drift', 6.14, '%', '2026-04-01 13:20:07+00:00', '2026-04-01 14:01:07+00:00', 'LITHO-07', 'A', 'C2-CVD', 'Idle / standby', 'S. Patel', 'Etch', 'user-patel', 'Acked', NULL);
INSERT INTO alarm (id, type, severity, message, alarm_value, unit, alarm_time, recovery_time, machine_id, chamber_id, product, operation, owner, department, chart_owner_id, status, human_risk) VALUES ('alm-021', 'PressureDrop', 'Critical', 'Chamber pressure below setpoint', NULL, 'mTorr', '2026-04-26 01:31:14+00:00', NULL, 'CMP-08', 'B', 'E5-CMP', 'Idle / standby', 'M. Chen', 'Etch', 'user-patel', 'Acked', NULL);
INSERT INTO alarm (id, type, severity, message, alarm_value, unit, alarm_time, recovery_time, machine_id, chamber_id, product, operation, owner, department, chart_owner_id, status, human_risk) VALUES ('alm-022', 'PressureDrop', 'Medium', 'Chamber pressure below setpoint', 11.38, 'mTorr', '2026-04-28 11:51:45+00:00', '2026-04-28 12:49:45+00:00', 'METRO-01', 'A', 'C2-CVD', 'Recipe step 3', 'M. Chen', 'Etch', 'user-patel', 'Open', NULL);
INSERT INTO alarm (id, type, severity, message, alarm_value, unit, alarm_time, recovery_time, machine_id, chamber_id, product, operation, owner, department, chart_owner_id, status, human_risk) VALUES ('alm-023', 'VoltageSag', 'High', 'DC bias voltage sag detected', 341.21, 'V', '2026-04-13 13:41:20+00:00', NULL, 'LITHO-12', 'A', 'B3-Etch', 'Wafer transfer', 'L. Rossi', 'Litho', 'user-tanaka', 'Open', NULL);
INSERT INTO alarm (id, type, severity, message, alarm_value, unit, alarm_time, recovery_time, machine_id, chamber_id, product, operation, owner, department, chart_owner_id, status, human_risk) VALUES ('alm-024', 'VoltageSag', 'Low', 'DC bias voltage sag detected', 421.95, 'V', '2026-04-25 15:52:12+00:00', NULL, 'LITHO-07', 'B', 'C2-CVD', 'Wafer transfer', 'L. Rossi', 'Litho', 'user-tanaka', 'Open', 'middle');
INSERT INTO alarm (id, type, severity, message, alarm_value, unit, alarm_time, recovery_time, machine_id, chamber_id, product, operation, owner, department, chart_owner_id, status, human_risk) VALUES ('alm-025', 'TempSpike', 'Medium', 'Chamber temperature exceeded threshold', NULL, '°C', '2026-04-03 11:23:27+00:00', '2026-04-03 11:41:27+00:00', 'IMP-05', 'D', 'C2-CVD', 'Chamber pump-down', 'H. Tanaka', 'Litho', 'user-rossi', 'Open', NULL);
INSERT INTO alarm (id, type, severity, message, alarm_value, unit, alarm_time, recovery_time, machine_id, chamber_id, product, operation, owner, department, chart_owner_id, status, human_risk) VALUES ('alm-026', 'ParticleCount', 'Medium', 'In-situ particle count spike', 16.31, 'cnt', '2026-04-15 19:38:29+00:00', '2026-04-15 20:24:29+00:00', 'CMP-08', 'C', 'D1-PVD', 'Wafer transfer', 'J. Smith', 'Facilities', 'user-muller', 'Open', 'middle');
INSERT INTO alarm (id, type, severity, message, alarm_value, unit, alarm_time, recovery_time, machine_id, chamber_id, product, operation, owner, department, chart_owner_id, status, human_risk) VALUES ('alm-027', 'GasFlowDeviation', 'Low', 'MFC gas flow deviation', 62.0, 'sccm', '2026-04-27 18:06:58+00:00', NULL, 'LITHO-12', 'D', 'F4-Metro', 'Vent cycle', 'M. Chen', 'Etch', 'user-park', 'Open', 'high');
INSERT INTO alarm (id, type, severity, message, alarm_value, unit, alarm_time, recovery_time, machine_id, chamber_id, product, operation, owner, department, chart_owner_id, status, human_risk) VALUES ('alm-028', 'FlowAnomaly', 'Low', 'Process gas flow out of range', 73.2, 'sccm', '2026-04-07 22:59:15+00:00', '2026-04-07 23:07:15+00:00', 'METRO-01', 'C', 'D1-PVD', 'Lot start', 'S. Patel', 'Etch', 'user-kim', 'Open', NULL);
INSERT INTO alarm (id, type, severity, message, alarm_value, unit, alarm_time, recovery_time, machine_id, chamber_id, product, operation, owner, department, chart_owner_id, status, human_risk) VALUES ('alm-029', 'VacuumFault', 'Low', 'Turbopump speed deviation', NULL, 'Hz', '2026-04-18 02:00:54+00:00', '2026-04-18 02:43:54+00:00', 'ETCH-12', 'D', 'D1-PVD', 'Idle / standby', 'A. Kim', 'Etch', 'user-chen', 'Open', NULL);
INSERT INTO alarm (id, type, severity, message, alarm_value, unit, alarm_time, recovery_time, machine_id, chamber_id, product, operation, owner, department, chart_owner_id, status, human_risk) VALUES ('alm-030', 'GasFlowDeviation', 'Critical', 'MFC gas flow deviation', 54.4, 'sccm', '2026-04-20 13:27:44+00:00', NULL, 'LITHO-12', 'C', 'D1-PVD', 'Process clean', 'M. Chen', 'Etch', 'user-park', 'Acked', NULL);
INSERT INTO alarm (id, type, severity, message, alarm_value, unit, alarm_time, recovery_time, machine_id, chamber_id, product, operation, owner, department, chart_owner_id, status, human_risk) VALUES ('alm-031', 'PressureDrop', 'Medium', 'Chamber pressure below setpoint', NULL, 'mTorr', '2026-04-05 02:32:17+00:00', '2026-04-05 02:37:17+00:00', 'LITHO-12', 'A', 'D1-PVD', 'Chamber pump-down', 'M. Chen', 'Etch', 'user-patel', 'Acked', NULL);
INSERT INTO alarm (id, type, severity, message, alarm_value, unit, alarm_time, recovery_time, machine_id, chamber_id, product, operation, owner, department, chart_owner_id, status, human_risk) VALUES ('alm-032', 'VoltageSag', 'Low', 'DC bias voltage sag detected', 399.05, 'V', '2026-04-23 16:08:40+00:00', NULL, 'CMP-08', 'C', 'F4-Metro', 'Chamber pump-down', 'L. Rossi', 'Litho', NULL, 'Acked', NULL);
INSERT INTO alarm (id, type, severity, message, alarm_value, unit, alarm_time, recovery_time, machine_id, chamber_id, product, operation, owner, department, chart_owner_id, status, human_risk) VALUES ('alm-033', 'GasFlowDeviation', 'Low', 'MFC gas flow deviation', 70.88, 'sccm', '2026-04-24 15:44:53+00:00', '2026-04-24 16:37:53+00:00', 'PVD-02', 'A', 'C2-CVD', 'Lot start', 'M. Chen', 'Etch', 'user-park', 'Acked', NULL);
INSERT INTO alarm (id, type, severity, message, alarm_value, unit, alarm_time, recovery_time, machine_id, chamber_id, product, operation, owner, department, chart_owner_id, status, human_risk) VALUES ('alm-034', 'TempSpike', 'Low', 'Chamber temperature exceeded threshold', NULL, '°C', '2026-04-30 17:40:09+00:00', '2026-04-30 17:52:09+00:00', 'IMP-05', 'B', 'A7-Litho', 'Process clean', 'H. Tanaka', 'Litho', 'user-rossi', 'Acked', NULL);
INSERT INTO alarm (id, type, severity, message, alarm_value, unit, alarm_time, recovery_time, machine_id, chamber_id, product, operation, owner, department, chart_owner_id, status, human_risk) VALUES ('alm-035', 'VoltageSag', 'Medium', 'DC bias voltage sag detected', NULL, 'V', '2026-04-17 19:29:15+00:00', '2026-04-17 20:10:15+00:00', 'METRO-01', 'B', 'D1-PVD', 'Wafer transfer', 'L. Rossi', 'Litho', 'user-tanaka', 'Open', NULL);
INSERT INTO alarm (id, type, severity, message, alarm_value, unit, alarm_time, recovery_time, machine_id, chamber_id, product, operation, owner, department, chart_owner_id, status, human_risk) VALUES ('alm-036', 'RFMismatch', 'High', 'RF reflected power threshold exceeded', 44.56, 'W', '2026-04-09 20:38:51+00:00', NULL, 'LITHO-07', 'B', 'C2-CVD', 'Lot start', 'R. Garcia', 'Litho', 'user-garcia', 'Open', NULL);
INSERT INTO alarm (id, type, severity, message, alarm_value, unit, alarm_time, recovery_time, machine_id, chamber_id, product, operation, owner, department, chart_owner_id, status, human_risk) VALUES ('alm-037', 'VoltageSag', 'Low', 'DC bias voltage sag detected', NULL, 'V', '2026-04-13 10:43:59+00:00', '2026-04-13 11:01:59+00:00', 'PVD-02', 'A', 'B3-Etch', 'Wafer transfer', 'L. Rossi', 'Litho', 'user-tanaka', 'Acked', 'low');
INSERT INTO alarm (id, type, severity, message, alarm_value, unit, alarm_time, recovery_time, machine_id, chamber_id, product, operation, owner, department, chart_owner_id, status, human_risk) VALUES ('alm-038', 'ChamberLeak', 'Medium', 'Vacuum leak rate above tolerance', 0.39, 'sccm', '2026-04-03 08:51:34+00:00', NULL, 'CVD-09', 'B', 'C2-CVD', 'Lot start', 'K. Müller', 'Facilities', 'user-smith', 'Open', NULL);
INSERT INTO alarm (id, type, severity, message, alarm_value, unit, alarm_time, recovery_time, machine_id, chamber_id, product, operation, owner, department, chart_owner_id, status, human_risk) VALUES ('alm-039', 'PressureDrop', 'Medium', 'Chamber pressure below setpoint', 10.7, 'mTorr', '2026-04-25 21:47:28+00:00', '2026-04-25 21:53:28+00:00', 'LITHO-12', 'A', 'B3-Etch', 'Recipe step 3', 'M. Chen', 'Etch', 'user-patel', 'Open', NULL);
INSERT INTO alarm (id, type, severity, message, alarm_value, unit, alarm_time, recovery_time, machine_id, chamber_id, product, operation, owner, department, chart_owner_id, status, human_risk) VALUES ('alm-040', 'PressureDrop', 'Critical', 'Chamber pressure below setpoint', 9.94, 'mTorr', '2026-04-26 02:44:11+00:00', '2026-04-26 02:51:11+00:00', 'METRO-01', 'D', 'D1-PVD', 'Lot start', 'M. Chen', 'Etch', 'user-patel', 'Open', 'low');
INSERT INTO alarm (id, type, severity, message, alarm_value, unit, alarm_time, recovery_time, machine_id, chamber_id, product, operation, owner, department, chart_owner_id, status, human_risk) VALUES ('alm-041', 'RFMismatch', 'Medium', 'RF reflected power threshold exceeded', 40.37, 'W', '2026-04-10 04:15:11+00:00', '2026-04-10 04:56:11+00:00', 'CVD-04', 'D', 'E5-CMP', 'Lot start', 'R. Garcia', 'Litho', NULL, 'Open', 'middle');
INSERT INTO alarm (id, type, severity, message, alarm_value, unit, alarm_time, recovery_time, machine_id, chamber_id, product, operation, owner, department, chart_owner_id, status, human_risk) VALUES ('alm-042', 'VacuumFault', 'Medium', 'Turbopump speed deviation', 887.29, 'Hz', '2026-04-19 13:53:51+00:00', '2026-04-19 14:25:51+00:00', 'ETCH-12', 'B', 'C2-CVD', 'Lot start', 'A. Kim', 'Etch', 'user-chen', 'Acked', NULL);
INSERT INTO alarm (id, type, severity, message, alarm_value, unit, alarm_time, recovery_time, machine_id, chamber_id, product, operation, owner, department, chart_owner_id, status, human_risk) VALUES ('alm-043', 'TempSpike', 'High', 'Chamber temperature exceeded threshold', 202.49, '°C', '2026-04-17 22:37:07+00:00', '2026-04-17 23:03:07+00:00', 'ETCH-03', 'B', 'D1-PVD', 'Idle / standby', 'H. Tanaka', 'Litho', 'user-rossi', 'Open', NULL);
INSERT INTO alarm (id, type, severity, message, alarm_value, unit, alarm_time, recovery_time, machine_id, chamber_id, product, operation, owner, department, chart_owner_id, status, human_risk) VALUES ('alm-044', 'GasFlowDeviation', 'Low', 'MFC gas flow deviation', 68.99, 'sccm', '2026-04-21 19:19:27+00:00', '2026-04-21 19:41:27+00:00', 'LITHO-12', 'D', 'F4-Metro', 'Wafer transfer', 'M. Chen', 'Etch', 'user-park', 'Open', NULL);
INSERT INTO alarm (id, type, severity, message, alarm_value, unit, alarm_time, recovery_time, machine_id, chamber_id, product, operation, owner, department, chart_owner_id, status, human_risk) VALUES ('alm-045', 'GasFlowDeviation', 'High', 'MFC gas flow deviation', 48.35, 'sccm', '2026-04-17 10:56:22+00:00', NULL, 'METRO-01', 'D', 'F4-Metro', 'Endpoint detect', 'M. Chen', 'Etch', 'user-park', 'Open', 'middle');
INSERT INTO alarm (id, type, severity, message, alarm_value, unit, alarm_time, recovery_time, machine_id, chamber_id, product, operation, owner, department, chart_owner_id, status, human_risk) VALUES ('alm-046', 'ChamberLeak', 'High', 'Vacuum leak rate above tolerance', 0.46, 'sccm', '2026-04-03 17:30:24+00:00', '2026-04-03 17:48:24+00:00', 'METRO-01', 'D', 'F4-Metro', 'Process clean', 'K. Müller', 'Facilities', 'user-smith', 'Open', 'high');
INSERT INTO alarm (id, type, severity, message, alarm_value, unit, alarm_time, recovery_time, machine_id, chamber_id, product, operation, owner, department, chart_owner_id, status, human_risk) VALUES ('alm-047', 'TempSpike', 'Medium', 'Chamber temperature exceeded threshold', 219.38, '°C', '2026-04-27 20:59:02+00:00', NULL, 'CMP-08', 'A', 'D1-PVD', 'Lot start', 'H. Tanaka', 'Litho', 'user-rossi', 'Acked', NULL);
INSERT INTO alarm (id, type, severity, message, alarm_value, unit, alarm_time, recovery_time, machine_id, chamber_id, product, operation, owner, department, chart_owner_id, status, human_risk) VALUES ('alm-048', 'GasFlowDeviation', 'Low', 'MFC gas flow deviation', NULL, 'sccm', '2026-04-22 12:21:04+00:00', '2026-04-22 12:39:04+00:00', 'LITHO-12', 'A', 'E5-CMP', 'Idle / standby', 'M. Chen', 'Etch', 'user-park', 'Open', NULL);
INSERT INTO alarm (id, type, severity, message, alarm_value, unit, alarm_time, recovery_time, machine_id, chamber_id, product, operation, owner, department, chart_owner_id, status, human_risk) VALUES ('alm-049', 'GasFlowDeviation', 'Critical', 'MFC gas flow deviation', 70.07, 'sccm', '2026-04-30 05:22:33+00:00', '2026-04-30 06:04:33+00:00', 'ETCH-03', 'B', 'A7-Litho', 'Recipe step 3', 'M. Chen', 'Etch', 'user-park', 'Open', 'high');
INSERT INTO alarm (id, type, severity, message, alarm_value, unit, alarm_time, recovery_time, machine_id, chamber_id, product, operation, owner, department, chart_owner_id, status, human_risk) VALUES ('alm-050', 'TempSpike', 'Low', 'Chamber temperature exceeded threshold', 198.52, '°C', '2026-04-18 21:20:11+00:00', NULL, 'LITHO-12', 'B', 'F4-Metro', 'Vent cycle', 'H. Tanaka', 'Litho', 'user-rossi', 'Acked', NULL);
INSERT INTO alarm (id, type, severity, message, alarm_value, unit, alarm_time, recovery_time, machine_id, chamber_id, product, operation, owner, department, chart_owner_id, status, human_risk) VALUES ('alm-051', 'VacuumFault', 'High', 'Turbopump speed deviation', 766.17, 'Hz', '2026-04-11 15:43:11+00:00', '2026-04-11 16:26:11+00:00', 'METRO-01', 'C', 'F4-Metro', 'Process clean', 'A. Kim', 'Etch', 'user-chen', 'Acked', 'high');
INSERT INTO alarm (id, type, severity, message, alarm_value, unit, alarm_time, recovery_time, machine_id, chamber_id, product, operation, owner, department, chart_owner_id, status, human_risk) VALUES ('alm-052', 'EndpointDrift', 'Low', 'Etch endpoint signal drift', 7.61, '%', '2026-04-30 08:35:51+00:00', NULL, 'CVD-04', 'A', 'C2-CVD', 'Chamber pump-down', 'S. Patel', 'Etch', 'user-patel', 'Open', NULL);
INSERT INTO alarm (id, type, severity, message, alarm_value, unit, alarm_time, recovery_time, machine_id, chamber_id, product, operation, owner, department, chart_owner_id, status, human_risk) VALUES ('alm-053', 'VacuumFault', 'High', 'Turbopump speed deviation', NULL, 'Hz', '2026-04-15 08:03:46+00:00', '2026-04-15 08:28:46+00:00', 'METRO-01', 'D', 'D1-PVD', 'Wafer transfer', 'A. Kim', 'Etch', 'user-chen', 'Acked', NULL);
INSERT INTO alarm (id, type, severity, message, alarm_value, unit, alarm_time, recovery_time, machine_id, chamber_id, product, operation, owner, department, chart_owner_id, status, human_risk) VALUES ('alm-054', 'TempSpike', 'Low', 'Chamber temperature exceeded threshold', NULL, '°C', '2026-04-14 03:42:10+00:00', NULL, 'CVD-09', 'D', 'E5-CMP', 'Recipe step 3', 'H. Tanaka', 'Litho', 'user-rossi', 'Open', NULL);
INSERT INTO alarm (id, type, severity, message, alarm_value, unit, alarm_time, recovery_time, machine_id, chamber_id, product, operation, owner, department, chart_owner_id, status, human_risk) VALUES ('alm-055', 'ChamberLeak', 'Low', 'Vacuum leak rate above tolerance', 0.46, 'sccm', '2026-04-27 20:58:51+00:00', '2026-04-27 21:25:51+00:00', 'CVD-09', 'A', 'E5-CMP', 'Recipe step 3', 'K. Müller', 'Facilities', 'user-smith', 'Open', 'low');
INSERT INTO alarm (id, type, severity, message, alarm_value, unit, alarm_time, recovery_time, machine_id, chamber_id, product, operation, owner, department, chart_owner_id, status, human_risk) VALUES ('alm-056', 'FlowAnomaly', 'Low', 'Process gas flow out of range', 101.57, 'sccm', '2026-04-10 08:53:41+00:00', NULL, 'CMP-08', 'B', 'C2-CVD', 'Process clean', 'S. Patel', 'Etch', 'user-kim', 'Acked', NULL);
INSERT INTO alarm (id, type, severity, message, alarm_value, unit, alarm_time, recovery_time, machine_id, chamber_id, product, operation, owner, department, chart_owner_id, status, human_risk) VALUES ('alm-057', 'TempSpike', 'Low', 'Chamber temperature exceeded threshold', 276.3, '°C', '2026-04-29 12:48:05+00:00', NULL, 'METRO-01', 'A', 'F4-Metro', 'Process clean', 'H. Tanaka', 'Litho', 'user-rossi', 'Open', 'high');
INSERT INTO alarm (id, type, severity, message, alarm_value, unit, alarm_time, recovery_time, machine_id, chamber_id, product, operation, owner, department, chart_owner_id, status, human_risk) VALUES ('alm-058', 'PressureDrop', 'Low', 'Chamber pressure below setpoint', 11.25, 'mTorr', '2026-04-22 13:06:35+00:00', '2026-04-22 13:49:35+00:00', 'CVD-04', 'B', 'C2-CVD', 'Chamber pump-down', 'M. Chen', 'Etch', 'user-patel', 'Acked', NULL);
INSERT INTO alarm (id, type, severity, message, alarm_value, unit, alarm_time, recovery_time, machine_id, chamber_id, product, operation, owner, department, chart_owner_id, status, human_risk) VALUES ('alm-059', 'VoltageSag', 'Low', 'DC bias voltage sag detected', 400.41, 'V', '2026-04-07 17:10:51+00:00', '2026-04-07 18:09:51+00:00', 'PVD-02', 'B', 'E5-CMP', 'Chamber pump-down', 'L. Rossi', 'Litho', 'user-tanaka', 'Acked', NULL);
INSERT INTO alarm (id, type, severity, message, alarm_value, unit, alarm_time, recovery_time, machine_id, chamber_id, product, operation, owner, department, chart_owner_id, status, human_risk) VALUES ('alm-060', 'TempSpike', 'Critical', 'Chamber temperature exceeded threshold', 217.15, '°C', '2026-03-31 04:37:17+00:00', NULL, 'ETCH-03', 'A', 'F4-Metro', 'Endpoint detect', 'H. Tanaka', 'Litho', 'user-rossi', 'Acked', NULL);
INSERT INTO alarm (id, type, severity, message, alarm_value, unit, alarm_time, recovery_time, machine_id, chamber_id, product, operation, owner, department, chart_owner_id, status, human_risk) VALUES ('alm-061', 'GasFlowDeviation', 'Medium', 'MFC gas flow deviation', NULL, 'sccm', '2026-04-11 05:30:13+00:00', '2026-04-11 05:39:13+00:00', 'ETCH-12', 'C', 'D1-PVD', 'Idle / standby', 'M. Chen', 'Etch', 'user-park', 'Acked', 'high');
INSERT INTO alarm (id, type, severity, message, alarm_value, unit, alarm_time, recovery_time, machine_id, chamber_id, product, operation, owner, department, chart_owner_id, status, human_risk) VALUES ('alm-062', 'FlowAnomaly', 'Low', 'Process gas flow out of range', 73.04, 'sccm', '2026-04-16 17:58:32+00:00', NULL, 'LITHO-12', 'A', 'F4-Metro', 'Process clean', 'S. Patel', 'Etch', 'user-kim', 'Open', NULL);
INSERT INTO alarm (id, type, severity, message, alarm_value, unit, alarm_time, recovery_time, machine_id, chamber_id, product, operation, owner, department, chart_owner_id, status, human_risk) VALUES ('alm-063', 'VoltageSag', 'Medium', 'DC bias voltage sag detected', 341.93, 'V', '2026-04-16 22:28:51+00:00', NULL, 'ETCH-03', 'B', 'B3-Etch', 'Recipe step 3', 'L. Rossi', 'Litho', 'user-tanaka', 'Open', NULL);
INSERT INTO alarm (id, type, severity, message, alarm_value, unit, alarm_time, recovery_time, machine_id, chamber_id, product, operation, owner, department, chart_owner_id, status, human_risk) VALUES ('alm-064', 'GasFlowDeviation', 'Medium', 'MFC gas flow deviation', NULL, 'sccm', '2026-04-14 03:07:23+00:00', NULL, 'ETCH-12', 'D', 'E5-CMP', 'Lot start', 'M. Chen', 'Etch', 'user-park', 'Open', NULL);
INSERT INTO alarm (id, type, severity, message, alarm_value, unit, alarm_time, recovery_time, machine_id, chamber_id, product, operation, owner, department, chart_owner_id, status, human_risk) VALUES ('alm-065', 'FlowAnomaly', 'High', 'Process gas flow out of range', NULL, 'sccm', '2026-04-04 00:21:28+00:00', '2026-04-04 01:13:28+00:00', 'ETCH-12', 'C', 'D1-PVD', 'Idle / standby', 'S. Patel', 'Etch', NULL, 'Acked', NULL);
INSERT INTO alarm (id, type, severity, message, alarm_value, unit, alarm_time, recovery_time, machine_id, chamber_id, product, operation, owner, department, chart_owner_id, status, human_risk) VALUES ('alm-066', 'VacuumFault', 'Medium', 'Turbopump speed deviation', 1056.96, 'Hz', '2026-04-27 22:51:04+00:00', '2026-04-27 23:40:04+00:00', 'IMP-05', 'C', 'D1-PVD', 'Endpoint detect', 'A. Kim', 'Etch', 'user-chen', 'Acked', NULL);
INSERT INTO alarm (id, type, severity, message, alarm_value, unit, alarm_time, recovery_time, machine_id, chamber_id, product, operation, owner, department, chart_owner_id, status, human_risk) VALUES ('alm-067', 'ChamberLeak', 'Medium', 'Vacuum leak rate above tolerance', 0.36, 'sccm', '2026-04-06 08:17:31+00:00', '2026-04-06 09:14:31+00:00', 'ETCH-03', 'C', 'A7-Litho', 'Vent cycle', 'K. Müller', 'Facilities', 'user-smith', 'Open', NULL);
INSERT INTO alarm (id, type, severity, message, alarm_value, unit, alarm_time, recovery_time, machine_id, chamber_id, product, operation, owner, department, chart_owner_id, status, human_risk) VALUES ('alm-068', 'ChamberLeak', 'Medium', 'Vacuum leak rate above tolerance', NULL, 'sccm', '2026-04-30 22:27:10+00:00', '2026-04-30 22:36:10+00:00', 'LITHO-12', 'B', 'C2-CVD', 'Vent cycle', 'K. Müller', 'Facilities', 'user-smith', 'Open', NULL);
INSERT INTO alarm (id, type, severity, message, alarm_value, unit, alarm_time, recovery_time, machine_id, chamber_id, product, operation, owner, department, chart_owner_id, status, human_risk) VALUES ('alm-069', 'GasFlowDeviation', 'Medium', 'MFC gas flow deviation', 71.29, 'sccm', '2026-04-10 00:44:11+00:00', '2026-04-10 00:50:11+00:00', 'ETCH-12', 'D', 'C2-CVD', 'Wafer transfer', 'M. Chen', 'Etch', 'user-park', 'Open', NULL);
INSERT INTO alarm (id, type, severity, message, alarm_value, unit, alarm_time, recovery_time, machine_id, chamber_id, product, operation, owner, department, chart_owner_id, status, human_risk) VALUES ('alm-070', 'VoltageSag', 'Critical', 'DC bias voltage sag detected', 423.54, 'V', '2026-04-20 06:17:53+00:00', NULL, 'PVD-02', 'A', 'C2-CVD', 'Idle / standby', 'L. Rossi', 'Litho', 'user-tanaka', 'Open', 'high');
INSERT INTO alarm (id, type, severity, message, alarm_value, unit, alarm_time, recovery_time, machine_id, chamber_id, product, operation, owner, department, chart_owner_id, status, human_risk) VALUES ('alm-071', 'GasFlowDeviation', 'High', 'MFC gas flow deviation', 49.07, 'sccm', '2026-04-02 16:47:06+00:00', NULL, 'ETCH-03', 'B', 'A7-Litho', 'Lot start', 'M. Chen', 'Etch', 'user-park', 'Open', NULL);
INSERT INTO alarm (id, type, severity, message, alarm_value, unit, alarm_time, recovery_time, machine_id, chamber_id, product, operation, owner, department, chart_owner_id, status, human_risk) VALUES ('alm-072', 'GasFlowDeviation', 'Low', 'MFC gas flow deviation', NULL, 'sccm', '2026-04-24 13:33:45+00:00', '2026-04-24 13:42:45+00:00', 'IMP-05', 'D', 'E5-CMP', 'Wafer transfer', 'M. Chen', 'Etch', 'user-park', 'Acked', NULL);
INSERT INTO alarm (id, type, severity, message, alarm_value, unit, alarm_time, recovery_time, machine_id, chamber_id, product, operation, owner, department, chart_owner_id, status, human_risk) VALUES ('alm-073', 'EndpointDrift', 'Medium', 'Etch endpoint signal drift', 6.47, '%', '2026-04-21 01:11:56+00:00', NULL, 'ETCH-03', 'D', 'A7-Litho', 'Lot start', 'S. Patel', 'Etch', 'user-patel', 'Open', 'high');
INSERT INTO alarm (id, type, severity, message, alarm_value, unit, alarm_time, recovery_time, machine_id, chamber_id, product, operation, owner, department, chart_owner_id, status, human_risk) VALUES ('alm-074', 'VacuumFault', 'Medium', 'Turbopump speed deviation', 875.53, 'Hz', '2026-04-10 21:56:14+00:00', '2026-04-10 22:27:14+00:00', 'METRO-01', 'D', 'A7-Litho', 'Chamber pump-down', 'A. Kim', 'Etch', 'user-chen', 'Acked', NULL);
INSERT INTO alarm (id, type, severity, message, alarm_value, unit, alarm_time, recovery_time, machine_id, chamber_id, product, operation, owner, department, chart_owner_id, status, human_risk) VALUES ('alm-075', 'FlowAnomaly', 'Low', 'Process gas flow out of range', 78.33, 'sccm', '2026-04-11 15:03:20+00:00', '2026-04-11 15:43:20+00:00', 'CMP-08', 'B', 'F4-Metro', 'Recipe step 3', 'S. Patel', 'Etch', 'user-kim', 'Open', 'high');
INSERT INTO alarm (id, type, severity, message, alarm_value, unit, alarm_time, recovery_time, machine_id, chamber_id, product, operation, owner, department, chart_owner_id, status, human_risk) VALUES ('alm-076', 'EndpointDrift', 'Low', 'Etch endpoint signal drift', 6.2, '%', '2026-04-15 18:47:14+00:00', '2026-04-15 19:20:14+00:00', 'PVD-02', 'B', 'F4-Metro', 'Chamber pump-down', 'S. Patel', 'Etch', 'user-patel', 'Open', NULL);
INSERT INTO alarm (id, type, severity, message, alarm_value, unit, alarm_time, recovery_time, machine_id, chamber_id, product, operation, owner, department, chart_owner_id, status, human_risk) VALUES ('alm-077', 'FlowAnomaly', 'High', 'Process gas flow out of range', 79.4, 'sccm', '2026-04-28 18:38:06+00:00', NULL, 'CMP-08', 'A', 'D1-PVD', 'Vent cycle', 'S. Patel', 'Etch', NULL, 'Acked', 'middle');
INSERT INTO alarm (id, type, severity, message, alarm_value, unit, alarm_time, recovery_time, machine_id, chamber_id, product, operation, owner, department, chart_owner_id, status, human_risk) VALUES ('alm-078', 'ChamberLeak', 'Medium', 'Vacuum leak rate above tolerance', 0.33, 'sccm', '2026-04-25 21:43:31+00:00', NULL, 'LITHO-07', 'C', 'A7-Litho', 'Process clean', 'K. Müller', 'Facilities', 'user-smith', 'Acked', 'low');
INSERT INTO alarm (id, type, severity, message, alarm_value, unit, alarm_time, recovery_time, machine_id, chamber_id, product, operation, owner, department, chart_owner_id, status, human_risk) VALUES ('alm-079', 'EndpointDrift', 'High', 'Etch endpoint signal drift', 7.61, '%', '2026-04-06 02:35:53+00:00', '2026-04-06 03:20:53+00:00', 'CVD-09', 'B', 'A7-Litho', 'Process clean', 'S. Patel', 'Etch', 'user-patel', 'Open', NULL);
INSERT INTO alarm (id, type, severity, message, alarm_value, unit, alarm_time, recovery_time, machine_id, chamber_id, product, operation, owner, department, chart_owner_id, status, human_risk) VALUES ('alm-080', 'VacuumFault', 'Medium', 'Turbopump speed deviation', 1012.35, 'Hz', '2026-04-22 03:55:59+00:00', NULL, 'ETCH-03', 'A', 'F4-Metro', 'Vent cycle', 'A. Kim', 'Etch', 'user-chen', 'Acked', 'high');
INSERT INTO alarm (id, type, severity, message, alarm_value, unit, alarm_time, recovery_time, machine_id, chamber_id, product, operation, owner, department, chart_owner_id, status, human_risk) VALUES ('alm-081', 'PressureDrop', 'Medium', 'Chamber pressure below setpoint', 9.84, 'mTorr', '2026-04-25 14:58:06+00:00', '2026-04-25 15:47:06+00:00', 'CVD-04', 'D', 'E5-CMP', 'Vent cycle', 'M. Chen', 'Etch', 'user-patel', 'Open', 'low');
INSERT INTO alarm (id, type, severity, message, alarm_value, unit, alarm_time, recovery_time, machine_id, chamber_id, product, operation, owner, department, chart_owner_id, status, human_risk) VALUES ('alm-082', 'PressureDrop', 'Low', 'Chamber pressure below setpoint', 14.34, 'mTorr', '2026-04-21 11:21:04+00:00', NULL, 'LITHO-07', 'C', 'C2-CVD', 'Chamber pump-down', 'M. Chen', 'Etch', 'user-patel', 'Open', NULL);
INSERT INTO alarm (id, type, severity, message, alarm_value, unit, alarm_time, recovery_time, machine_id, chamber_id, product, operation, owner, department, chart_owner_id, status, human_risk) VALUES ('alm-083', 'RFMismatch', 'Low', 'RF reflected power threshold exceeded', 38.86, 'W', '2026-04-08 12:06:33+00:00', '2026-04-08 12:46:33+00:00', 'IMP-05', 'D', 'C2-CVD', 'Recipe step 3', 'R. Garcia', 'Litho', 'user-garcia', 'Acked', NULL);
INSERT INTO alarm (id, type, severity, message, alarm_value, unit, alarm_time, recovery_time, machine_id, chamber_id, product, operation, owner, department, chart_owner_id, status, human_risk) VALUES ('alm-084', 'RFMismatch', 'Medium', 'RF reflected power threshold exceeded', 50.0, 'W', '2026-04-27 00:03:18+00:00', NULL, 'CMP-08', 'C', 'A7-Litho', 'Endpoint detect', 'R. Garcia', 'Litho', NULL, 'Open', 'low');
INSERT INTO alarm (id, type, severity, message, alarm_value, unit, alarm_time, recovery_time, machine_id, chamber_id, product, operation, owner, department, chart_owner_id, status, human_risk) VALUES ('alm-085', 'ChamberLeak', 'Medium', 'Vacuum leak rate above tolerance', 0.37, 'sccm', '2026-04-05 08:29:19+00:00', '2026-04-05 08:52:19+00:00', 'LITHO-12', 'C', 'F4-Metro', 'Lot start', 'K. Müller', 'Facilities', 'user-smith', 'Acked', NULL);
INSERT INTO alarm (id, type, severity, message, alarm_value, unit, alarm_time, recovery_time, machine_id, chamber_id, product, operation, owner, department, chart_owner_id, status, human_risk) VALUES ('alm-086', 'PressureDrop', 'High', 'Chamber pressure below setpoint', 10.63, 'mTorr', '2026-04-22 07:43:49+00:00', '2026-04-22 08:32:49+00:00', 'IMP-05', 'C', 'D1-PVD', 'Wafer transfer', 'M. Chen', 'Etch', NULL, 'Open', NULL);
INSERT INTO alarm (id, type, severity, message, alarm_value, unit, alarm_time, recovery_time, machine_id, chamber_id, product, operation, owner, department, chart_owner_id, status, human_risk) VALUES ('alm-087', 'ParticleCount', 'Low', 'In-situ particle count spike', 17.2, 'cnt', '2026-04-06 14:50:28+00:00', '2026-04-06 15:08:28+00:00', 'PVD-02', 'C', 'F4-Metro', 'Wafer transfer', 'J. Smith', 'Facilities', 'user-muller', 'Acked', 'low');
INSERT INTO alarm (id, type, severity, message, alarm_value, unit, alarm_time, recovery_time, machine_id, chamber_id, product, operation, owner, department, chart_owner_id, status, human_risk) VALUES ('alm-088', 'TempSpike', 'Low', 'Chamber temperature exceeded threshold', 229.44, '°C', '2026-04-02 11:10:33+00:00', '2026-04-02 11:37:33+00:00', 'ETCH-03', 'A', 'B3-Etch', 'Vent cycle', 'H. Tanaka', 'Litho', 'user-rossi', 'Acked', 'high');
INSERT INTO alarm (id, type, severity, message, alarm_value, unit, alarm_time, recovery_time, machine_id, chamber_id, product, operation, owner, department, chart_owner_id, status, human_risk) VALUES ('alm-089', 'VacuumFault', 'Low', 'Turbopump speed deviation', 915.67, 'Hz', '2026-04-10 12:17:24+00:00', NULL, 'CVD-09', 'D', 'E5-CMP', 'Wafer transfer', 'A. Kim', 'Etch', 'user-chen', 'Open', NULL);
INSERT INTO alarm (id, type, severity, message, alarm_value, unit, alarm_time, recovery_time, machine_id, chamber_id, product, operation, owner, department, chart_owner_id, status, human_risk) VALUES ('alm-090', 'RFMismatch', 'Critical', 'RF reflected power threshold exceeded', 49.04, 'W', '2026-04-02 21:03:05+00:00', '2026-04-02 21:51:05+00:00', 'CVD-09', 'D', 'A7-Litho', 'Recipe step 3', 'R. Garcia', 'Litho', 'user-garcia', 'Acked', NULL);
INSERT INTO alarm (id, type, severity, message, alarm_value, unit, alarm_time, recovery_time, machine_id, chamber_id, product, operation, owner, department, chart_owner_id, status, human_risk) VALUES ('alm-091', 'FlowAnomaly', 'Low', 'Process gas flow out of range', 90.54, 'sccm', '2026-04-09 22:17:56+00:00', '2026-04-09 22:47:56+00:00', 'ETCH-12', 'A', 'A7-Litho', 'Recipe step 3', 'S. Patel', 'Etch', 'user-kim', 'Open', NULL);
INSERT INTO alarm (id, type, severity, message, alarm_value, unit, alarm_time, recovery_time, machine_id, chamber_id, product, operation, owner, department, chart_owner_id, status, human_risk) VALUES ('alm-092', 'VacuumFault', 'High', 'Turbopump speed deviation', 813.89, 'Hz', '2026-04-06 09:55:03+00:00', '2026-04-06 10:16:03+00:00', 'CVD-04', 'C', 'F4-Metro', 'Vent cycle', 'A. Kim', 'Etch', 'user-chen', 'Open', 'low');
INSERT INTO alarm (id, type, severity, message, alarm_value, unit, alarm_time, recovery_time, machine_id, chamber_id, product, operation, owner, department, chart_owner_id, status, human_risk) VALUES ('alm-093', 'VacuumFault', 'Medium', 'Turbopump speed deviation', 1011.64, 'Hz', '2026-04-04 11:09:31+00:00', '2026-04-04 11:19:31+00:00', 'IMP-05', 'B', 'A7-Litho', 'Recipe step 3', 'A. Kim', 'Etch', 'user-chen', 'Open', NULL);
INSERT INTO alarm (id, type, severity, message, alarm_value, unit, alarm_time, recovery_time, machine_id, chamber_id, product, operation, owner, department, chart_owner_id, status, human_risk) VALUES ('alm-094', 'ParticleCount', 'Medium', 'In-situ particle count spike', 14.62, 'cnt', '2026-04-15 13:28:21+00:00', '2026-04-15 14:14:21+00:00', 'IMP-05', 'A', 'F4-Metro', 'Process clean', 'J. Smith', 'Facilities', 'user-muller', 'Open', NULL);
INSERT INTO alarm (id, type, severity, message, alarm_value, unit, alarm_time, recovery_time, machine_id, chamber_id, product, operation, owner, department, chart_owner_id, status, human_risk) VALUES ('alm-095', 'TempSpike', 'Low', 'Chamber temperature exceeded threshold', 246.14, '°C', '2026-04-22 09:32:17+00:00', '2026-04-22 10:07:17+00:00', 'CVD-04', 'C', 'B3-Etch', 'Recipe step 3', 'H. Tanaka', 'Litho', 'user-rossi', 'Open', NULL);
INSERT INTO alarm (id, type, severity, message, alarm_value, unit, alarm_time, recovery_time, machine_id, chamber_id, product, operation, owner, department, chart_owner_id, status, human_risk) VALUES ('alm-096', 'VoltageSag', 'Medium', 'DC bias voltage sag detected', NULL, 'V', '2026-04-23 03:29:18+00:00', NULL, 'ETCH-12', 'D', 'A7-Litho', 'Process clean', 'L. Rossi', 'Litho', 'user-tanaka', 'Acked', NULL);
INSERT INTO alarm (id, type, severity, message, alarm_value, unit, alarm_time, recovery_time, machine_id, chamber_id, product, operation, owner, department, chart_owner_id, status, human_risk) VALUES ('alm-097', 'FlowAnomaly', 'Medium', 'Process gas flow out of range', NULL, 'sccm', '2026-04-20 05:56:39+00:00', NULL, 'CMP-08', 'B', 'E5-CMP', 'Chamber pump-down', 'S. Patel', 'Etch', NULL, 'Open', 'middle');
INSERT INTO alarm (id, type, severity, message, alarm_value, unit, alarm_time, recovery_time, machine_id, chamber_id, product, operation, owner, department, chart_owner_id, status, human_risk) VALUES ('alm-098', 'VacuumFault', 'Medium', 'Turbopump speed deviation', 825.37, 'Hz', '2026-04-24 15:04:15+00:00', '2026-04-24 15:53:15+00:00', 'CMP-08', 'D', 'D1-PVD', 'Chamber pump-down', 'A. Kim', 'Etch', 'user-chen', 'Acked', 'middle');
INSERT INTO alarm (id, type, severity, message, alarm_value, unit, alarm_time, recovery_time, machine_id, chamber_id, product, operation, owner, department, chart_owner_id, status, human_risk) VALUES ('alm-099', 'VoltageSag', 'Low', 'DC bias voltage sag detected', 310.24, 'V', '2026-04-20 21:02:21+00:00', NULL, 'CMP-08', 'C', 'B3-Etch', 'Recipe step 3', 'L. Rossi', 'Litho', 'user-tanaka', 'Open', NULL);
INSERT INTO alarm (id, type, severity, message, alarm_value, unit, alarm_time, recovery_time, machine_id, chamber_id, product, operation, owner, department, chart_owner_id, status, human_risk) VALUES ('alm-100', 'ParticleCount', 'High', 'In-situ particle count spike', 17.42, 'cnt', '2026-04-08 13:29:13+00:00', NULL, 'LITHO-07', 'A', 'E5-CMP', 'Recipe step 3', 'J. Smith', 'Facilities', 'user-muller', 'Open', NULL);
INSERT INTO alarm (id, type, severity, message, alarm_value, unit, alarm_time, recovery_time, machine_id, chamber_id, product, operation, owner, department, chart_owner_id, status, human_risk) VALUES ('alm-101', 'VacuumFault', 'Medium', 'Turbopump speed deviation', 792.3, 'Hz', '2026-04-14 20:30:37+00:00', NULL, 'ETCH-12', 'C', 'E5-CMP', 'Lot start', 'A. Kim', 'Etch', 'user-chen', 'Open', NULL);
INSERT INTO alarm (id, type, severity, message, alarm_value, unit, alarm_time, recovery_time, machine_id, chamber_id, product, operation, owner, department, chart_owner_id, status, human_risk) VALUES ('alm-102', 'GasFlowDeviation', 'Medium', 'MFC gas flow deviation', 59.6, 'sccm', '2026-04-13 21:35:23+00:00', NULL, 'CMP-08', 'C', 'B3-Etch', 'Lot start', 'M. Chen', 'Etch', 'user-park', 'Open', NULL);
INSERT INTO alarm (id, type, severity, message, alarm_value, unit, alarm_time, recovery_time, machine_id, chamber_id, product, operation, owner, department, chart_owner_id, status, human_risk) VALUES ('alm-103', 'EndpointDrift', 'Medium', 'Etch endpoint signal drift', 5.84, '%', '2026-04-30 15:30:43+00:00', NULL, 'METRO-01', 'B', 'B3-Etch', 'Process clean', 'S. Patel', 'Etch', 'user-patel', 'Acked', NULL);
INSERT INTO alarm (id, type, severity, message, alarm_value, unit, alarm_time, recovery_time, machine_id, chamber_id, product, operation, owner, department, chart_owner_id, status, human_risk) VALUES ('alm-104', 'ChamberLeak', 'Low', 'Vacuum leak rate above tolerance', 0.32, 'sccm', '2026-04-11 15:55:22+00:00', NULL, 'LITHO-07', 'A', 'A7-Litho', 'Lot start', 'K. Müller', 'Facilities', 'user-smith', 'Acked', NULL);
INSERT INTO alarm (id, type, severity, message, alarm_value, unit, alarm_time, recovery_time, machine_id, chamber_id, product, operation, owner, department, chart_owner_id, status, human_risk) VALUES ('alm-105', 'FlowAnomaly', 'Low', 'Process gas flow out of range', 97.93, 'sccm', '2026-04-25 07:08:15+00:00', '2026-04-25 07:29:15+00:00', 'LITHO-07', 'D', 'F4-Metro', 'Lot start', 'S. Patel', 'Etch', 'user-kim', 'Acked', NULL);
INSERT INTO alarm (id, type, severity, message, alarm_value, unit, alarm_time, recovery_time, machine_id, chamber_id, product, operation, owner, department, chart_owner_id, status, human_risk) VALUES ('alm-106', 'VoltageSag', 'Low', 'DC bias voltage sag detected', 340.69, 'V', '2026-04-15 11:49:36+00:00', NULL, 'PVD-02', 'C', 'D1-PVD', 'Chamber pump-down', 'L. Rossi', 'Litho', 'user-tanaka', 'Open', NULL);
INSERT INTO alarm (id, type, severity, message, alarm_value, unit, alarm_time, recovery_time, machine_id, chamber_id, product, operation, owner, department, chart_owner_id, status, human_risk) VALUES ('alm-107', 'GasFlowDeviation', 'Medium', 'MFC gas flow deviation', 67.03, 'sccm', '2026-04-07 02:41:19+00:00', NULL, 'IMP-05', 'B', 'C2-CVD', 'Recipe step 3', 'M. Chen', 'Etch', 'user-park', 'Open', NULL);
INSERT INTO alarm (id, type, severity, message, alarm_value, unit, alarm_time, recovery_time, machine_id, chamber_id, product, operation, owner, department, chart_owner_id, status, human_risk) VALUES ('alm-108', 'ChamberLeak', 'Medium', 'Vacuum leak rate above tolerance', 0.41, 'sccm', '2026-04-26 19:28:15+00:00', '2026-04-26 20:10:15+00:00', 'CVD-09', 'D', 'B3-Etch', 'Process clean', 'K. Müller', 'Facilities', 'user-smith', 'Open', NULL);
INSERT INTO alarm (id, type, severity, message, alarm_value, unit, alarm_time, recovery_time, machine_id, chamber_id, product, operation, owner, department, chart_owner_id, status, human_risk) VALUES ('alm-109', 'GasFlowDeviation', 'Medium', 'MFC gas flow deviation', 54.03, 'sccm', '2026-04-01 01:53:20+00:00', NULL, 'LITHO-12', 'C', 'D1-PVD', 'Idle / standby', 'M. Chen', 'Etch', 'user-park', 'Open', 'high');
INSERT INTO alarm (id, type, severity, message, alarm_value, unit, alarm_time, recovery_time, machine_id, chamber_id, product, operation, owner, department, chart_owner_id, status, human_risk) VALUES ('alm-110', 'ChamberLeak', 'Medium', 'Vacuum leak rate above tolerance', NULL, 'sccm', '2026-04-20 19:17:28+00:00', NULL, 'METRO-01', 'D', 'B3-Etch', 'Recipe step 3', 'K. Müller', 'Facilities', NULL, 'Acked', NULL);
INSERT INTO alarm (id, type, severity, message, alarm_value, unit, alarm_time, recovery_time, machine_id, chamber_id, product, operation, owner, department, chart_owner_id, status, human_risk) VALUES ('alm-111', 'ChamberLeak', 'Medium', 'Vacuum leak rate above tolerance', NULL, 'sccm', '2026-04-07 12:07:56+00:00', '2026-04-07 12:49:56+00:00', 'ETCH-12', 'B', 'D1-PVD', 'Vent cycle', 'K. Müller', 'Facilities', 'user-smith', 'Open', NULL);
INSERT INTO alarm (id, type, severity, message, alarm_value, unit, alarm_time, recovery_time, machine_id, chamber_id, product, operation, owner, department, chart_owner_id, status, human_risk) VALUES ('alm-112', 'VoltageSag', 'High', 'DC bias voltage sag detected', 306.15, 'V', '2026-04-24 10:09:48+00:00', '2026-04-24 10:37:48+00:00', 'ETCH-12', 'B', 'E5-CMP', 'Process clean', 'L. Rossi', 'Litho', 'user-tanaka', 'Open', 'middle');
INSERT INTO alarm (id, type, severity, message, alarm_value, unit, alarm_time, recovery_time, machine_id, chamber_id, product, operation, owner, department, chart_owner_id, status, human_risk) VALUES ('alm-113', 'VoltageSag', 'Critical', 'DC bias voltage sag detected', 323.19, 'V', '2026-04-17 15:31:38+00:00', NULL, 'IMP-05', 'C', 'E5-CMP', 'Wafer transfer', 'L. Rossi', 'Litho', 'user-tanaka', 'Acked', NULL);
INSERT INTO alarm (id, type, severity, message, alarm_value, unit, alarm_time, recovery_time, machine_id, chamber_id, product, operation, owner, department, chart_owner_id, status, human_risk) VALUES ('alm-114', 'RFMismatch', 'High', 'RF reflected power threshold exceeded', 43.93, 'W', '2026-04-15 14:17:24+00:00', NULL, 'CVD-09', 'D', 'C2-CVD', 'Wafer transfer', 'R. Garcia', 'Litho', 'user-garcia', 'Open', NULL);
INSERT INTO alarm (id, type, severity, message, alarm_value, unit, alarm_time, recovery_time, machine_id, chamber_id, product, operation, owner, department, chart_owner_id, status, human_risk) VALUES ('alm-115', 'TempSpike', 'Medium', 'Chamber temperature exceeded threshold', 199.11, '°C', '2026-04-07 04:35:41+00:00', '2026-04-07 04:44:41+00:00', 'CMP-08', 'D', 'E5-CMP', 'Lot start', 'H. Tanaka', 'Litho', 'user-rossi', 'Acked', NULL);
INSERT INTO alarm (id, type, severity, message, alarm_value, unit, alarm_time, recovery_time, machine_id, chamber_id, product, operation, owner, department, chart_owner_id, status, human_risk) VALUES ('alm-116', 'TempSpike', 'High', 'Chamber temperature exceeded threshold', NULL, '°C', '2026-04-22 05:49:40+00:00', NULL, 'ETCH-03', 'A', 'D1-PVD', 'Process clean', 'H. Tanaka', 'Litho', 'user-rossi', 'Open', NULL);
INSERT INTO alarm (id, type, severity, message, alarm_value, unit, alarm_time, recovery_time, machine_id, chamber_id, product, operation, owner, department, chart_owner_id, status, human_risk) VALUES ('alm-117', 'ChamberLeak', 'High', 'Vacuum leak rate above tolerance', 0.45, 'sccm', '2026-04-11 02:12:07+00:00', NULL, 'ETCH-03', 'B', 'E5-CMP', 'Endpoint detect', 'K. Müller', 'Facilities', 'user-smith', 'Open', NULL);
INSERT INTO alarm (id, type, severity, message, alarm_value, unit, alarm_time, recovery_time, machine_id, chamber_id, product, operation, owner, department, chart_owner_id, status, human_risk) VALUES ('alm-118', 'GasFlowDeviation', 'Medium', 'MFC gas flow deviation', 62.12, 'sccm', '2026-04-05 20:53:14+00:00', NULL, 'ETCH-03', 'B', 'C2-CVD', 'Process clean', 'M. Chen', 'Etch', 'user-park', 'Open', 'low');
INSERT INTO alarm (id, type, severity, message, alarm_value, unit, alarm_time, recovery_time, machine_id, chamber_id, product, operation, owner, department, chart_owner_id, status, human_risk) VALUES ('alm-119', 'EndpointDrift', 'Low', 'Etch endpoint signal drift', 8.25, '%', '2026-04-17 22:10:24+00:00', NULL, 'CVD-09', 'D', 'F4-Metro', 'Lot start', 'S. Patel', 'Etch', 'user-patel', 'Open', NULL);
INSERT INTO alarm (id, type, severity, message, alarm_value, unit, alarm_time, recovery_time, machine_id, chamber_id, product, operation, owner, department, chart_owner_id, status, human_risk) VALUES ('alm-120', 'ChamberLeak', 'Medium', 'Vacuum leak rate above tolerance', 0.35, 'sccm', '2026-04-18 22:35:24+00:00', '2026-04-18 22:51:24+00:00', 'LITHO-12', 'D', 'E5-CMP', 'Lot start', 'K. Müller', 'Facilities', 'user-smith', 'Open', NULL);
INSERT INTO alarm (id, type, severity, message, alarm_value, unit, alarm_time, recovery_time, machine_id, chamber_id, product, operation, owner, department, chart_owner_id, status, human_risk) VALUES ('alm-121', 'EndpointDrift', 'Low', 'Etch endpoint signal drift', 7.57, '%', '2026-04-29 03:20:30+00:00', '2026-04-29 03:43:30+00:00', 'LITHO-07', 'D', 'C2-CVD', 'Idle / standby', 'S. Patel', 'Etch', 'user-patel', 'Open', NULL);
INSERT INTO alarm (id, type, severity, message, alarm_value, unit, alarm_time, recovery_time, machine_id, chamber_id, product, operation, owner, department, chart_owner_id, status, human_risk) VALUES ('alm-122', 'ChamberLeak', 'Medium', 'Vacuum leak rate above tolerance', 0.35, 'sccm', '2026-04-14 08:14:43+00:00', NULL, 'LITHO-07', 'A', 'B3-Etch', 'Wafer transfer', 'K. Müller', 'Facilities', 'user-smith', 'Open', NULL);
INSERT INTO alarm (id, type, severity, message, alarm_value, unit, alarm_time, recovery_time, machine_id, chamber_id, product, operation, owner, department, chart_owner_id, status, human_risk) VALUES ('alm-123', 'ChamberLeak', 'High', 'Vacuum leak rate above tolerance', 0.35, 'sccm', '2026-04-27 21:29:03+00:00', NULL, 'ETCH-12', 'D', 'E5-CMP', 'Vent cycle', 'K. Müller', 'Facilities', 'user-smith', 'Open', NULL);
INSERT INTO alarm (id, type, severity, message, alarm_value, unit, alarm_time, recovery_time, machine_id, chamber_id, product, operation, owner, department, chart_owner_id, status, human_risk) VALUES ('alm-124', 'EndpointDrift', 'Medium', 'Etch endpoint signal drift', 6.73, '%', '2026-04-05 07:39:03+00:00', '2026-04-05 08:28:03+00:00', 'ETCH-12', 'C', 'F4-Metro', 'Vent cycle', 'S. Patel', 'Etch', 'user-patel', 'Open', NULL);
INSERT INTO alarm (id, type, severity, message, alarm_value, unit, alarm_time, recovery_time, machine_id, chamber_id, product, operation, owner, department, chart_owner_id, status, human_risk) VALUES ('alm-125', 'GasFlowDeviation', 'Low', 'MFC gas flow deviation', 65.63, 'sccm', '2026-04-05 06:01:33+00:00', '2026-04-05 06:08:33+00:00', 'CVD-04', 'D', 'B3-Etch', 'Idle / standby', 'M. Chen', 'Etch', 'user-park', 'Acked', 'middle');
INSERT INTO alarm (id, type, severity, message, alarm_value, unit, alarm_time, recovery_time, machine_id, chamber_id, product, operation, owner, department, chart_owner_id, status, human_risk) VALUES ('alm-126', 'TempSpike', 'High', 'Chamber temperature exceeded threshold', 247.22, '°C', '2026-04-26 02:42:58+00:00', NULL, 'CVD-04', 'C', 'F4-Metro', 'Idle / standby', 'H. Tanaka', 'Litho', 'user-rossi', 'Acked', NULL);
INSERT INTO alarm (id, type, severity, message, alarm_value, unit, alarm_time, recovery_time, machine_id, chamber_id, product, operation, owner, department, chart_owner_id, status, human_risk) VALUES ('alm-127', 'VoltageSag', 'Low', 'DC bias voltage sag detected', 382.88, 'V', '2026-04-16 22:52:23+00:00', NULL, 'CMP-08', 'C', 'C2-CVD', 'Chamber pump-down', 'L. Rossi', 'Litho', 'user-tanaka', 'Open', NULL);
INSERT INTO alarm (id, type, severity, message, alarm_value, unit, alarm_time, recovery_time, machine_id, chamber_id, product, operation, owner, department, chart_owner_id, status, human_risk) VALUES ('alm-128', 'VoltageSag', 'High', 'DC bias voltage sag detected', 317.87, 'V', '2026-04-12 09:57:30+00:00', '2026-04-12 10:54:30+00:00', 'PVD-02', 'C', 'B3-Etch', 'Lot start', 'L. Rossi', 'Litho', 'user-tanaka', 'Open', 'low');
INSERT INTO alarm (id, type, severity, message, alarm_value, unit, alarm_time, recovery_time, machine_id, chamber_id, product, operation, owner, department, chart_owner_id, status, human_risk) VALUES ('alm-129', 'ParticleCount', 'Medium', 'In-situ particle count spike', 19.39, 'cnt', '2026-04-20 01:52:03+00:00', NULL, 'CVD-04', 'D', 'B3-Etch', 'Idle / standby', 'J. Smith', 'Facilities', 'user-muller', 'Open', NULL);
INSERT INTO alarm (id, type, severity, message, alarm_value, unit, alarm_time, recovery_time, machine_id, chamber_id, product, operation, owner, department, chart_owner_id, status, human_risk) VALUES ('alm-130', 'VacuumFault', 'Low', 'Turbopump speed deviation', 778.66, 'Hz', '2026-04-16 18:45:18+00:00', '2026-04-16 19:10:18+00:00', 'CVD-04', 'B', 'A7-Litho', 'Idle / standby', 'A. Kim', 'Etch', NULL, 'Acked', 'low');
INSERT INTO alarm (id, type, severity, message, alarm_value, unit, alarm_time, recovery_time, machine_id, chamber_id, product, operation, owner, department, chart_owner_id, status, human_risk) VALUES ('alm-131', 'GasFlowDeviation', 'Critical', 'MFC gas flow deviation', 49.3, 'sccm', '2026-04-15 22:13:47+00:00', NULL, 'ETCH-12', 'A', 'A7-Litho', 'Endpoint detect', 'M. Chen', 'Etch', 'user-park', 'Open', NULL);
INSERT INTO alarm (id, type, severity, message, alarm_value, unit, alarm_time, recovery_time, machine_id, chamber_id, product, operation, owner, department, chart_owner_id, status, human_risk) VALUES ('alm-132', 'EndpointDrift', 'Low', 'Etch endpoint signal drift', 7.14, '%', '2026-04-14 08:39:14+00:00', '2026-04-14 08:47:14+00:00', 'ETCH-03', 'A', 'E5-CMP', 'Recipe step 3', 'S. Patel', 'Etch', NULL, 'Acked', NULL);
INSERT INTO alarm (id, type, severity, message, alarm_value, unit, alarm_time, recovery_time, machine_id, chamber_id, product, operation, owner, department, chart_owner_id, status, human_risk) VALUES ('alm-133', 'RFMismatch', 'Low', 'RF reflected power threshold exceeded', 40.31, 'W', '2026-04-20 21:28:17+00:00', '2026-04-20 22:13:17+00:00', 'IMP-05', 'B', 'C2-CVD', 'Process clean', 'R. Garcia', 'Litho', NULL, 'Open', 'high');
INSERT INTO alarm (id, type, severity, message, alarm_value, unit, alarm_time, recovery_time, machine_id, chamber_id, product, operation, owner, department, chart_owner_id, status, human_risk) VALUES ('alm-134', 'GasFlowDeviation', 'Critical', 'MFC gas flow deviation', NULL, 'sccm', '2026-04-10 19:25:10+00:00', '2026-04-10 19:44:10+00:00', 'LITHO-07', 'B', 'D1-PVD', 'Recipe step 3', 'M. Chen', 'Etch', 'user-park', 'Acked', NULL);
INSERT INTO alarm (id, type, severity, message, alarm_value, unit, alarm_time, recovery_time, machine_id, chamber_id, product, operation, owner, department, chart_owner_id, status, human_risk) VALUES ('alm-135', 'RFMismatch', 'High', 'RF reflected power threshold exceeded', 48.9, 'W', '2026-04-15 10:38:11+00:00', NULL, 'IMP-05', 'B', 'F4-Metro', 'Lot start', 'R. Garcia', 'Litho', 'user-garcia', 'Open', NULL);
INSERT INTO alarm (id, type, severity, message, alarm_value, unit, alarm_time, recovery_time, machine_id, chamber_id, product, operation, owner, department, chart_owner_id, status, human_risk) VALUES ('alm-136', 'VoltageSag', 'Medium', 'DC bias voltage sag detected', 387.79, 'V', '2026-04-07 10:09:09+00:00', NULL, 'LITHO-12', 'C', 'C2-CVD', 'Vent cycle', 'L. Rossi', 'Litho', 'user-tanaka', 'Open', NULL);
INSERT INTO alarm (id, type, severity, message, alarm_value, unit, alarm_time, recovery_time, machine_id, chamber_id, product, operation, owner, department, chart_owner_id, status, human_risk) VALUES ('alm-137', 'EndpointDrift', 'Low', 'Etch endpoint signal drift', 7.81, '%', '2026-04-21 15:02:37+00:00', NULL, 'ETCH-03', 'D', 'C2-CVD', 'Idle / standby', 'S. Patel', 'Etch', 'user-patel', 'Open', NULL);
INSERT INTO alarm (id, type, severity, message, alarm_value, unit, alarm_time, recovery_time, machine_id, chamber_id, product, operation, owner, department, chart_owner_id, status, human_risk) VALUES ('alm-138', 'GasFlowDeviation', 'Medium', 'MFC gas flow deviation', 61.92, 'sccm', '2026-04-15 02:59:19+00:00', '2026-04-15 03:23:19+00:00', 'CVD-04', 'B', 'A7-Litho', 'Process clean', 'M. Chen', 'Etch', 'user-park', 'Acked', NULL);
INSERT INTO alarm (id, type, severity, message, alarm_value, unit, alarm_time, recovery_time, machine_id, chamber_id, product, operation, owner, department, chart_owner_id, status, human_risk) VALUES ('alm-139', 'FlowAnomaly', 'Low', 'Process gas flow out of range', 86.48, 'sccm', '2026-04-10 03:29:30+00:00', '2026-04-10 03:55:30+00:00', 'ETCH-03', 'D', 'D1-PVD', 'Process clean', 'S. Patel', 'Etch', 'user-kim', 'Open', 'low');
INSERT INTO alarm (id, type, severity, message, alarm_value, unit, alarm_time, recovery_time, machine_id, chamber_id, product, operation, owner, department, chart_owner_id, status, human_risk) VALUES ('alm-140', 'ParticleCount', 'Medium', 'In-situ particle count spike', 19.98, 'cnt', '2026-04-26 14:13:43+00:00', NULL, 'IMP-05', 'C', 'B3-Etch', 'Wafer transfer', 'J. Smith', 'Facilities', 'user-muller', 'Open', 'high');
INSERT INTO alarm (id, type, severity, message, alarm_value, unit, alarm_time, recovery_time, machine_id, chamber_id, product, operation, owner, department, chart_owner_id, status, human_risk) VALUES ('alm-141', 'RFMismatch', 'Medium', 'RF reflected power threshold exceeded', 47.74, 'W', '2026-04-02 17:48:51+00:00', NULL, 'CVD-09', 'C', 'E5-CMP', 'Wafer transfer', 'R. Garcia', 'Litho', 'user-garcia', 'Open', 'middle');
INSERT INTO alarm (id, type, severity, message, alarm_value, unit, alarm_time, recovery_time, machine_id, chamber_id, product, operation, owner, department, chart_owner_id, status, human_risk) VALUES ('alm-142', 'TempSpike', 'High', 'Chamber temperature exceeded threshold', 201.64, '°C', '2026-04-08 09:12:41+00:00', NULL, 'CVD-04', 'B', 'D1-PVD', 'Lot start', 'H. Tanaka', 'Litho', 'user-rossi', 'Acked', NULL);
INSERT INTO alarm (id, type, severity, message, alarm_value, unit, alarm_time, recovery_time, machine_id, chamber_id, product, operation, owner, department, chart_owner_id, status, human_risk) VALUES ('alm-143', 'PressureDrop', 'Low', 'Chamber pressure below setpoint', 12.74, 'mTorr', '2026-04-06 04:21:35+00:00', '2026-04-06 04:35:35+00:00', 'CVD-09', 'B', 'B3-Etch', 'Recipe step 3', 'M. Chen', 'Etch', 'user-patel', 'Open', NULL);
INSERT INTO alarm (id, type, severity, message, alarm_value, unit, alarm_time, recovery_time, machine_id, chamber_id, product, operation, owner, department, chart_owner_id, status, human_risk) VALUES ('alm-144', 'RFMismatch', 'Medium', 'RF reflected power threshold exceeded', 37.45, 'W', '2026-03-31 10:27:08+00:00', NULL, 'CVD-09', 'D', 'F4-Metro', 'Vent cycle', 'R. Garcia', 'Litho', 'user-garcia', 'Open', NULL);
INSERT INTO alarm (id, type, severity, message, alarm_value, unit, alarm_time, recovery_time, machine_id, chamber_id, product, operation, owner, department, chart_owner_id, status, human_risk) VALUES ('alm-145', 'GasFlowDeviation', 'Medium', 'MFC gas flow deviation', 59.71, 'sccm', '2026-04-30 08:56:13+00:00', NULL, 'ETCH-12', 'A', 'E5-CMP', 'Vent cycle', 'M. Chen', 'Etch', 'user-park', 'Open', NULL);
INSERT INTO alarm (id, type, severity, message, alarm_value, unit, alarm_time, recovery_time, machine_id, chamber_id, product, operation, owner, department, chart_owner_id, status, human_risk) VALUES ('alm-146', 'EndpointDrift', 'High', 'Etch endpoint signal drift', NULL, '%', '2026-04-26 09:31:37+00:00', NULL, 'LITHO-12', 'A', 'E5-CMP', 'Idle / standby', 'S. Patel', 'Etch', 'user-patel', 'Acked', NULL);
INSERT INTO alarm (id, type, severity, message, alarm_value, unit, alarm_time, recovery_time, machine_id, chamber_id, product, operation, owner, department, chart_owner_id, status, human_risk) VALUES ('alm-147', 'PressureDrop', 'Medium', 'Chamber pressure below setpoint', 10.08, 'mTorr', '2026-04-19 18:41:40+00:00', NULL, 'CMP-08', 'D', 'A7-Litho', 'Idle / standby', 'M. Chen', 'Etch', 'user-patel', 'Open', NULL);
INSERT INTO alarm (id, type, severity, message, alarm_value, unit, alarm_time, recovery_time, machine_id, chamber_id, product, operation, owner, department, chart_owner_id, status, human_risk) VALUES ('alm-148', 'VoltageSag', 'Critical', 'DC bias voltage sag detected', 360.98, 'V', '2026-04-17 05:35:00+00:00', '2026-04-17 05:43:00+00:00', 'IMP-05', 'A', 'D1-PVD', 'Recipe step 3', 'L. Rossi', 'Litho', 'user-tanaka', 'Open', NULL);
INSERT INTO alarm (id, type, severity, message, alarm_value, unit, alarm_time, recovery_time, machine_id, chamber_id, product, operation, owner, department, chart_owner_id, status, human_risk) VALUES ('alm-149', 'GasFlowDeviation', 'Medium', 'MFC gas flow deviation', 52.2, 'sccm', '2026-04-11 11:21:14+00:00', NULL, 'PVD-02', 'C', 'A7-Litho', 'Idle / standby', 'M. Chen', 'Etch', 'user-park', 'Acked', NULL);
INSERT INTO alarm (id, type, severity, message, alarm_value, unit, alarm_time, recovery_time, machine_id, chamber_id, product, operation, owner, department, chart_owner_id, status, human_risk) VALUES ('alm-150', 'VacuumFault', 'Low', 'Turbopump speed deviation', 905.7, 'Hz', '2026-04-26 16:35:13+00:00', '2026-04-26 17:17:13+00:00', 'LITHO-12', 'A', 'A7-Litho', 'Vent cycle', 'A. Kim', 'Etch', 'user-chen', 'Open', 'middle');

-- =============================================================
-- Alarm labels (~20% of alarms)
-- =============================================================

INSERT INTO alarm_label (alarm_id, label) VALUES ('alm-019', 'UnderObservation');
INSERT INTO alarm_label (alarm_id, label) VALUES ('alm-027', 'LotImpacting');
INSERT INTO alarm_label (alarm_id, label) VALUES ('alm-028', 'UnderObservation');
INSERT INTO alarm_label (alarm_id, label) VALUES ('alm-030', 'FalsePositive');
INSERT INTO alarm_label (alarm_id, label) VALUES ('alm-030', 'UnderObservation');
INSERT INTO alarm_label (alarm_id, label) VALUES ('alm-031', 'UnderObservation');
INSERT INTO alarm_label (alarm_id, label) VALUES ('alm-036', 'UnderObservation');
INSERT INTO alarm_label (alarm_id, label) VALUES ('alm-039', 'NeedsEngReview');
INSERT INTO alarm_label (alarm_id, label) VALUES ('alm-039', 'UnderObservation');
INSERT INTO alarm_label (alarm_id, label) VALUES ('alm-041', 'LotImpacting');
INSERT INTO alarm_label (alarm_id, label) VALUES ('alm-044', 'UnderObservation');
INSERT INTO alarm_label (alarm_id, label) VALUES ('alm-044', 'NeedsEngReview');
INSERT INTO alarm_label (alarm_id, label) VALUES ('alm-052', 'FalsePositive');
INSERT INTO alarm_label (alarm_id, label) VALUES ('alm-052', 'UnderObservation');
INSERT INTO alarm_label (alarm_id, label) VALUES ('alm-067', 'LotImpacting');
INSERT INTO alarm_label (alarm_id, label) VALUES ('alm-079', 'NeedsEngReview');
INSERT INTO alarm_label (alarm_id, label) VALUES ('alm-079', 'Recurring');
INSERT INTO alarm_label (alarm_id, label) VALUES ('alm-080', 'LotImpacting');
INSERT INTO alarm_label (alarm_id, label) VALUES ('alm-084', 'LotImpacting');
INSERT INTO alarm_label (alarm_id, label) VALUES ('alm-084', 'FalsePositive');
INSERT INTO alarm_label (alarm_id, label) VALUES ('alm-095', 'Recurring');
INSERT INTO alarm_label (alarm_id, label) VALUES ('alm-111', 'UnderObservation');
INSERT INTO alarm_label (alarm_id, label) VALUES ('alm-111', 'NeedsEngReview');
INSERT INTO alarm_label (alarm_id, label) VALUES ('alm-114', 'FalsePositive');
INSERT INTO alarm_label (alarm_id, label) VALUES ('alm-114', 'NeedsEngReview');
INSERT INTO alarm_label (alarm_id, label) VALUES ('alm-117', 'NeedsEngReview');
INSERT INTO alarm_label (alarm_id, label) VALUES ('alm-117', 'UnderObservation');
INSERT INTO alarm_label (alarm_id, label) VALUES ('alm-121', 'Recurring');
INSERT INTO alarm_label (alarm_id, label) VALUES ('alm-121', 'UnderObservation');
INSERT INTO alarm_label (alarm_id, label) VALUES ('alm-123', 'UnderObservation');
INSERT INTO alarm_label (alarm_id, label) VALUES ('alm-124', 'UnderObservation');
INSERT INTO alarm_label (alarm_id, label) VALUES ('alm-124', 'LotImpacting');
INSERT INTO alarm_label (alarm_id, label) VALUES ('alm-133', 'UnderObservation');
INSERT INTO alarm_label (alarm_id, label) VALUES ('alm-141', 'NeedsEngReview');
INSERT INTO alarm_label (alarm_id, label) VALUES ('alm-148', 'LotImpacting');
INSERT INTO alarm_label (alarm_id, label) VALUES ('alm-148', 'FalsePositive');
INSERT INTO alarm_label (alarm_id, label) VALUES ('alm-150', 'LotImpacting');
INSERT INTO alarm_label (alarm_id, label) VALUES ('alm-150', 'NeedsEngReview');

-- Seed data: 25 issues across departments
INSERT INTO issue (id, title, issue_date, alarm_type, risk_level, status, issue_time, operation, product, owner_id, department, description) VALUES
('iss-001', 'Temperature excursion on LITHO-07', '2026-04-01T08:00:00Z', 'TempSpike', 'Critical', 'Investigating', '2026-04-01T07:45:00Z', 'Exposure', 'A7-Litho', 'user-tanaka', 'Litho', 'Repeated temp spikes during exposure step on LITHO-07. Wafer lot at risk.'),
('iss-002', 'Pressure drop in ETCH-03 chamber B', '2026-04-01T09:30:00Z', 'PressureDrop', 'High', 'Triage', '2026-04-01T09:15:00Z', 'Etch', 'B3-Etch', 'user-chen', 'Etch', 'Sudden pressure drop detected in chamber B during etch process.'),
('iss-003', 'Flow anomaly on CVD-12', '2026-04-02T10:00:00Z', 'FlowAnomaly', 'Medium', 'Closed', '2026-04-02T09:30:00Z', 'Deposition', 'C2-CVD', 'user-patel', 'Etch', 'Gas flow deviation detected during deposition. Resolved by recalibration.'),
('iss-004', 'Chamber leak LITHO-02', '2026-04-02T14:00:00Z', 'ChamberLeak', 'Critical', 'Investigating', '2026-04-02T13:30:00Z', 'Exposure', 'A7-Litho', 'user-rossi', 'Litho', 'Helium leak test failed on LITHO-02 chamber. Production halted.'),
('iss-005', 'Voltage sag on FACILITIES-PSU-01', '2026-04-03T06:00:00Z', 'VoltageSag', 'High', 'Closed', '2026-04-03T05:45:00Z', 'Power Distribution', 'FAC-Power', 'user-muller', 'Facilities', 'Voltage sag event on main PSU feeding cleanroom zone 3.'),
('iss-006', 'Particle count spike LITHO-07 post-maintenance', '2026-04-03T11:00:00Z', 'ParticleCount', 'Medium', 'Triage', '2026-04-03T10:30:00Z', 'Exposure', 'A7-Litho', 'user-tanaka', 'Litho', 'Elevated particle counts after scheduled maintenance window.'),
('iss-007', 'Vacuum fault ETCH-05', '2026-04-04T08:30:00Z', 'VacuumFault', 'High', 'Investigating', '2026-04-04T08:00:00Z', 'Etch', 'B3-Etch', 'user-kim', 'Etch', 'Vacuum pump fault on ETCH-05 preventing chamber evacuation.'),
('iss-008', 'RF mismatch ETCH-03', '2026-04-04T15:00:00Z', 'RFMismatch', 'Medium', 'Resolved', '2026-04-04T14:30:00Z', 'Etch', 'B3-Etch', 'user-chen', 'Etch', 'RF impedance mismatch during plasma ignition. Matching network adjusted.'),
('iss-009', 'Gas flow deviation CVD-12 line 2', '2026-04-05T07:00:00Z', 'GasFlowDeviation', 'Low', 'Closed', '2026-04-05T06:30:00Z', 'Deposition', 'C2-CVD', 'user-patel', 'Etch', 'Minor gas flow deviation on secondary line. Within spec after correction.'),
('iss-010', 'Endpoint drift on ETCH-03', '2026-04-05T12:00:00Z', 'EndpointDrift', 'Medium', 'Triage', '2026-04-05T11:30:00Z', 'Etch', 'B3-Etch', 'user-kim', 'Etch', 'Gradual endpoint detection drift over last 50 wafers.'),
('iss-011', 'Temperature excursion LITHO-02 during alignment', '2026-04-06T09:00:00Z', 'TempSpike', 'High', 'Investigating', '2026-04-06T08:30:00Z', 'Alignment', 'A7-Litho', 'user-garcia', 'Litho', 'Temperature spike during wafer alignment phase on LITHO-02.'),
('iss-012', 'Pressure instability ETCH-05 chamber A', '2026-04-06T16:00:00Z', 'PressureDrop', 'Medium', 'Triage', '2026-04-06T15:30:00Z', 'Etch', 'B3-Etch', 'user-patel', 'Etch', 'Intermittent pressure fluctuations in chamber A during processing.'),
('iss-013', 'HVAC flow anomaly cleanroom zone 2', '2026-04-07T10:00:00Z', 'FlowAnomaly', 'Low', 'Resolved', '2026-04-07T09:30:00Z', 'HVAC', 'FAC-HVAC', 'user-smith', 'Facilities', 'Airflow anomaly in cleanroom zone 2 HVAC system. Filter replaced.'),
('iss-014', 'Chamber seal degradation LITHO-07', '2026-04-07T14:00:00Z', 'ChamberLeak', 'High', 'Investigating', '2026-04-07T13:30:00Z', 'Exposure', 'A7-Litho', 'user-rossi', 'Litho', 'Slow chamber leak detected via He leak test. O-ring replacement scheduled.'),
('iss-015', 'UPS voltage event FAC-UPS-02', '2026-04-08T03:00:00Z', 'VoltageSag', 'Critical', 'Closed', '2026-04-08T02:45:00Z', 'Power Distribution', 'FAC-Power', 'user-muller', 'Facilities', 'UPS switchover event caused brief voltage dip. Root cause: capacitor aging.'),
('iss-016', 'Particle excursion ETCH-03 post-clean', '2026-04-08T11:00:00Z', 'ParticleCount', 'Medium', 'Triage', '2026-04-08T10:30:00Z', 'Etch', 'B3-Etch', 'user-chen', 'Etch', 'Higher than expected particle counts after chamber wet clean.'),
('iss-017', 'Vacuum leak LITHO-02 loadlock', '2026-04-09T08:00:00Z', 'VacuumFault', 'High', 'Resolved', '2026-04-09T07:30:00Z', 'Wafer Transfer', 'A7-Litho', 'user-tanaka', 'Litho', 'Loadlock vacuum fault during wafer transfer. Bellows replaced.'),
('iss-018', 'RF power oscillation ETCH-05', '2026-04-09T13:00:00Z', 'RFMismatch', 'High', 'Investigating', '2026-04-09T12:30:00Z', 'Etch', 'B3-Etch', 'user-kim', 'Etch', 'RF forward power oscillating during steady-state etch. Generator inspection.'),
('iss-019', 'MFC drift on CVD-12 precursor line', '2026-04-10T07:30:00Z', 'GasFlowDeviation', 'Medium', 'Triage', '2026-04-10T07:00:00Z', 'Deposition', 'C2-CVD', 'user-patel', 'Etch', 'MFC reading drifting on precursor delivery line. Calibration due.'),
('iss-020', 'Endpoint detection failure ETCH-03 lot 7742', '2026-04-10T15:00:00Z', 'EndpointDrift', 'High', 'Investigating', '2026-04-10T14:30:00Z', 'Etch', 'B3-Etch', 'user-chen', 'Etch', 'Endpoint detection failed to trigger on lot 7742. Over-etch occurred.'),
('iss-021', 'Temp spike during develop LITHO-07', '2026-04-11T09:00:00Z', 'TempSpike', 'Medium', 'Resolved', '2026-04-11T08:30:00Z', 'Develop', 'A7-Litho', 'user-garcia', 'Litho', 'Brief temp spike during photoresist develop. No wafer impact confirmed.'),
('iss-022', 'DI water pressure drop FAC-DI-01', '2026-04-11T14:00:00Z', 'PressureDrop', 'Low', 'Closed', '2026-04-11T13:30:00Z', 'DI Water', 'FAC-DI', 'user-smith', 'Facilities', 'DI water supply pressure drop. Pump seal replaced.'),
('iss-023', 'Exhaust flow anomaly ETCH-05', '2026-04-12T08:00:00Z', 'FlowAnomaly', 'Medium', 'Triage', '2026-04-12T07:30:00Z', 'Etch', 'B3-Etch', 'user-kim', 'Etch', 'Exhaust flow rate below setpoint during processing.'),
('iss-024', 'Chamber leak test fail ETCH-03 post-PM', '2026-04-12T13:00:00Z', 'ChamberLeak', 'High', 'Triage', '2026-04-12T12:30:00Z', 'Etch', 'B3-Etch', 'user-chen', 'Etch', 'Chamber failed leak rate spec after preventive maintenance.'),
('iss-025', 'Voltage transient FAC-XFMR-01', '2026-04-12T18:00:00Z', 'VoltageSag', 'Medium', 'Triage', '2026-04-12T17:30:00Z', 'Power Distribution', 'FAC-Power', 'user-hoffman', 'Facilities', 'Transient voltage event on transformer FAC-XFMR-01 during load switching.');

-- Seed issue activity entries
INSERT INTO issue_activity (issue_id, type, timestamp, author, text, assigned_to) VALUES
('iss-001', 'created', '2026-04-01T08:00:00Z', 'H. Tanaka', NULL, NULL),
('iss-001', 'comment', '2026-04-01T08:30:00Z', 'H. Tanaka', 'Initial assessment: temp controller may be failing. Requesting PM data.', NULL),
('iss-001', 'assignment', '2026-04-01T09:00:00Z', 'T. Yamamoto', NULL, 'user-rossi'),
('iss-002', 'created', '2026-04-01T09:30:00Z', 'M. Chen', NULL, NULL),
('iss-003', 'created', '2026-04-02T10:00:00Z', 'S. Patel', NULL, NULL),
('iss-003', 'comment', '2026-04-02T11:00:00Z', 'S. Patel', 'Recalibrated MFC. Flow rates back to nominal.', NULL),
('iss-004', 'created', '2026-04-02T14:00:00Z', 'L. Rossi', NULL, NULL),
('iss-004', 'comment', '2026-04-02T15:00:00Z', 'L. Rossi', 'He leak rate 2x above spec. Scheduling O-ring replacement.', NULL),
('iss-005', 'created', '2026-04-03T06:00:00Z', 'K. Müller', NULL, NULL),
('iss-005', 'comment', '2026-04-03T07:00:00Z', 'K. Müller', 'Root cause: aging capacitor bank. Replaced and tested.', NULL),
('iss-006', 'created', '2026-04-03T11:00:00Z', 'H. Tanaka', NULL, NULL),
('iss-007', 'created', '2026-04-04T08:30:00Z', 'A. Kim', NULL, NULL),
('iss-007', 'comment', '2026-04-04T09:00:00Z', 'A. Kim', 'Pump making unusual noise. Vendor service call placed.', NULL),
('iss-008', 'created', '2026-04-04T15:00:00Z', 'M. Chen', NULL, NULL),
('iss-009', 'created', '2026-04-05T07:00:00Z', 'S. Patel', NULL, NULL),
('iss-010', 'created', '2026-04-05T12:00:00Z', 'A. Kim', NULL, NULL),
('iss-011', 'created', '2026-04-06T09:00:00Z', 'R. Garcia', NULL, NULL),
('iss-012', 'created', '2026-04-06T16:00:00Z', 'S. Patel', NULL, NULL),
('iss-013', 'created', '2026-04-07T10:00:00Z', 'J. Smith', NULL, NULL),
('iss-014', 'created', '2026-04-07T14:00:00Z', 'L. Rossi', NULL, NULL),
('iss-015', 'created', '2026-04-08T03:00:00Z', 'K. Müller', NULL, NULL),
('iss-016', 'created', '2026-04-08T11:00:00Z', 'M. Chen', NULL, NULL),
('iss-017', 'created', '2026-04-09T08:00:00Z', 'H. Tanaka', NULL, NULL),
('iss-018', 'created', '2026-04-09T13:00:00Z', 'A. Kim', NULL, NULL),
('iss-019', 'created', '2026-04-10T07:30:00Z', 'S. Patel', NULL, NULL),
('iss-020', 'created', '2026-04-10T15:00:00Z', 'M. Chen', NULL, NULL),
('iss-021', 'created', '2026-04-11T09:00:00Z', 'R. Garcia', NULL, NULL),
('iss-022', 'created', '2026-04-11T14:00:00Z', 'J. Smith', NULL, NULL),
('iss-023', 'created', '2026-04-12T08:00:00Z', 'A. Kim', NULL, NULL),
('iss-024', 'created', '2026-04-12T13:00:00Z', 'M. Chen', NULL, NULL),
('iss-025', 'created', '2026-04-12T18:00:00Z', 'B. Hoffman', NULL, NULL);

-- Seed data: issue_alarm links (active and historical)
INSERT INTO issue_alarm (issue_id, alarm_id, attached_at, attached_by, merged_at, merged_by, merged_to_issue_id) VALUES
('iss-001', 'alm-001', '2026-04-01T08:05:00Z', 'H. Tanaka', NULL, NULL, NULL),
('iss-001', 'alm-006', '2026-04-01T08:10:00Z', 'H. Tanaka', NULL, NULL, NULL),
('iss-002', 'alm-002', '2026-04-01T09:35:00Z', 'M. Chen', NULL, NULL, NULL),
('iss-003', 'alm-003', '2026-04-02T10:05:00Z', 'S. Patel', NULL, NULL, NULL),
('iss-004', 'alm-004', '2026-04-02T14:05:00Z', 'L. Rossi', NULL, NULL, NULL),
('iss-005', 'alm-005', '2026-04-03T06:05:00Z', 'K. Müller', NULL, NULL, NULL),
('iss-007', 'alm-007', '2026-04-04T08:35:00Z', 'A. Kim', NULL, NULL, NULL),
('iss-011', 'alm-011', '2026-04-06T09:05:00Z', 'R. Garcia', NULL, NULL, NULL),
('iss-014', 'alm-014', '2026-04-07T14:05:00Z', 'L. Rossi', NULL, NULL, NULL),
('iss-020', 'alm-020', '2026-04-10T15:05:00Z', 'M. Chen', NULL, NULL, NULL),
-- Historical: alarm was moved from iss-006 to iss-001
('iss-006', 'alm-010', '2026-04-03T11:05:00Z', 'H. Tanaka', '2026-04-03T12:00:00Z', 'H. Tanaka', 'iss-001'),
('iss-001', 'alm-010', '2026-04-03T12:00:00Z', 'H. Tanaka', NULL, NULL, NULL);

-- Seed data: workflow instances and steps
-- iss-001: generic_linear_v1 — chart_owner_comment completed, resolved ongoing
INSERT INTO workflow_instance (issue_id, definition_id, status) VALUES ('iss-001', 'generic_linear_v1', 'Active');
INSERT INTO workflow_step (instance_id, step_id, status, actor_id, completed_at) VALUES (1, 'chart_owner_comment', 'completed', 'user-tanaka', '2026-04-01T09:00:00Z');
INSERT INTO workflow_step (instance_id, step_id, status) VALUES (1, 'resolved', 'ongoing');
INSERT INTO workflow_step (instance_id, step_id, status) VALUES (1, 'closed', 'pending');

-- iss-007: spc_ooc_branching_v1 — chart_owner_comment completed, l5+pi ongoing
INSERT INTO workflow_instance (issue_id, definition_id, status) VALUES ('iss-007', 'spc_ooc_branching_v1', 'Active');
INSERT INTO workflow_step (instance_id, step_id, status, actor_id, completed_at) VALUES (2, 'chart_owner_comment', 'completed', 'user-kim', '2026-04-04T09:30:00Z');
INSERT INTO workflow_step (instance_id, step_id, status) VALUES (2, 'l5_review', 'ongoing');
INSERT INTO workflow_step (instance_id, step_id, status) VALUES (2, 'l4_review', 'pending');
INSERT INTO workflow_step (instance_id, step_id, status) VALUES (2, 'pi_comment', 'ongoing');
INSERT INTO workflow_step (instance_id, step_id, status) VALUES (2, 'attach_report', 'ongoing');
INSERT INTO workflow_step (instance_id, step_id, status) VALUES (2, 'meeting', 'pending');
INSERT INTO workflow_step (instance_id, step_id, status) VALUES (2, 'resolved', 'pending');
INSERT INTO workflow_step (instance_id, step_id, status) VALUES (2, 'closed', 'pending');

-- iss-003: generic_linear_v1 — fully completed (Resolved status)
INSERT INTO workflow_instance (issue_id, definition_id, status, completed_at) VALUES ('iss-003', 'generic_linear_v1', 'Completed', '2026-04-02T12:00:00Z');
INSERT INTO workflow_step (instance_id, step_id, status, actor_id, completed_at) VALUES (3, 'chart_owner_comment', 'completed', 'user-patel', '2026-04-02T10:30:00Z');
INSERT INTO workflow_step (instance_id, step_id, status, actor_id, completed_at) VALUES (3, 'resolved', 'completed', 'user-patel', '2026-04-02T11:30:00Z');
INSERT INTO workflow_step (instance_id, step_id, status, actor_id, completed_at) VALUES (3, 'closed', 'completed', 'user-patel', '2026-04-02T12:00:00Z');

-- iss-020: spc_ooc_branching_v1 — attach_report completed with report reference
INSERT INTO workflow_instance (issue_id, definition_id, status) VALUES ('iss-020', 'spc_ooc_branching_v1', 'Active');
INSERT INTO workflow_step (instance_id, step_id, status, actor_id, completed_at) VALUES (4, 'chart_owner_comment', 'completed', 'user-chen', '2026-04-10T15:30:00Z');
INSERT INTO workflow_step (instance_id, step_id, status) VALUES (4, 'l5_review', 'ongoing');
INSERT INTO workflow_step (instance_id, step_id, status) VALUES (4, 'l4_review', 'pending');
INSERT INTO workflow_step (instance_id, step_id, status) VALUES (4, 'pi_comment', 'ongoing');
INSERT INTO workflow_step (instance_id, step_id, status, actor_id, completed_at, payload) VALUES (4, 'attach_report', 'completed', 'user-chen', '2026-04-10T16:00:00Z', '{"reportId":"RPT-1001"}');
INSERT INTO workflow_step (instance_id, step_id, status) VALUES (4, 'meeting', 'pending');
INSERT INTO workflow_step (instance_id, step_id, status) VALUES (4, 'resolved', 'pending');
INSERT INTO workflow_step (instance_id, step_id, status) VALUES (4, 'closed', 'pending');

-- Seed data: issue_relation (blockers and highlights)
INSERT INTO issue_relation (from_issue_id, to_issue_id, type, created_by, created_at) VALUES
('iss-001', 'iss-004', 'BLOCKER', 'H. Tanaka', '2026-04-02T15:00:00Z'),
('iss-007', 'iss-010', 'BLOCKER', 'A. Kim', '2026-04-05T13:00:00Z'),
('iss-001', 'iss-006', 'HIGHLIGHT', 'H. Tanaka', '2026-04-03T12:30:00Z'),
('iss-018', 'iss-020', 'HIGHLIGHT', 'A. Kim', '2026-04-10T16:00:00Z');
